timestamp,MAF,SPEED,delta_t,CO2_g,CO2_cumulative_g,distance_km,cumulative_km
2025-04-15 15:34:19,31.77,22.0,0.0,0.0,0.0,0.0,0.0
2025-04-15 15:34:21,31.99,29.0,2.0,13.507926206266466,13.507926206266466,0.01611111111111111,0.01611111111111111
2025-04-15 15:34:24,26.94,33.0,3.0,17.06331034683426,30.571236553100725,0.0275,0.043611111111111114
2025-04-15 15:34:26,15.69,34.0,2.0,6.625175435333569,37.19641198843429,0.01888888888888889,0.0625
2025-04-15 15:34:28,11.97,31.0,2.0,5.054388142826184,42.250800131260476,0.017222222222222222,0.07972222222222222
2025-04-15 15:34:30,13.22,30.0,2.0,5.582206453480548,47.83300658474102,0.016666666666666666,0.09638888888888889
2025-04-15 15:34:33,16.38,30.0,3.0,10.374796714222168,58.207803298963185,0.025,0.12138888888888888
2025-04-15 15:34:35,17.47,31.0,2.0,7.376788709705382,65.58459200866857,0.017222222222222222,0.1386111111111111
2025-04-15 15:34:37,17.99,32.0,2.0,7.596361126937597,73.18095313560616,0.017777777777777778,0.15638888888888888
2025-04-15 15:34:40,14.77,33.0,3.0,9.355051738037936,82.53600487364409,0.0275,0.18388888888888888
2025-04-15 15:34:42,13.27,32.0,2.0,5.603319185906721,88.13932405955082,0.017777777777777778,0.20166666666666666
2025-04-15 15:34:44,15.49,32.0,2.0,6.540724505628871,94.68004856517969,0.017777777777777778,0.21944444444444444
2025-04-15 15:34:46,18.94,32.0,2.0,7.997503043034914,102.6775516082146,0.017777777777777778,0.23722222222222222
2025-04-15 15:34:49,18.19,33.0,3.0,11.521218084963445,114.19876969317805,0.0275,0.26472222222222225
2025-04-15 15:34:51,18.88,34.0,2.0,7.972167764123504,122.17093745730155,0.01888888888888889,0.28361111111111115
2025-04-15 15:34:53,17.27,34.0,2.0,7.292337780000684,129.46327523730224,0.01888888888888889,0.30250000000000005
2025-04-15 15:34:56,18.02,35.0,3.0,11.413543149589954,140.87681838689218,0.029166666666666667,0.3316666666666667
2025-04-15 15:34:58,20.05,34.0,2.0,8.466205702895989,149.34302408978817,0.01888888888888889,0.3505555555555556
2025-04-15 15:35:00,10.88,30.0,2.0,4.594130575935579,153.93715466572374,0.016666666666666666,0.3672222222222223
2025-04-15 15:35:02,11.74,28.0,2.0,4.957269573665781,158.8944242393895,0.015555555555555555,0.38277777777777783
2025-04-15 15:35:05,12.61,28.0,3.0,7.986946676821827,166.88137091621132,0.023333333333333334,0.40611111111111114
2025-04-15 15:35:07,16.86,30.0,2.0,7.119213374106053,174.00058429031736,0.016666666666666666,0.4227777777777778
2025-04-15 15:35:09,16.13,32.0,2.0,6.810967480683905,180.81155177100126,0.017777777777777778,0.4405555555555556
2025-04-15 15:35:12,13.66,34.0,3.0,8.651997748246323,189.46354951924758,0.028333333333333332,0.4688888888888889
2025-04-15 15:35:14,13.16,33.0,2.0,5.556871174569138,195.0204206938167,0.018333333333333333,0.4872222222222222
2025-04-15 15:35:16,10.13,33.0,2.0,4.277439589542961,199.29786028335965,0.018333333333333333,0.5055555555555555
2025-04-15 15:35:19,13.08,31.0,3.0,8.284636204030889,207.58249648739053,0.025833333333333333,0.5313888888888889
2025-04-15 15:35:21,11.69,30.0,2.0,4.936156841239606,212.51865332863014,0.016666666666666666,0.5480555555555556
2025-04-15 15:35:23,11.88,31.0,2.0,5.01638522445907,217.5350385530892,0.017222222222222222,0.5652777777777779
2025-04-15 15:35:25,11.38,31.0,2.0,4.805257900197325,222.34029645328653,0.017222222222222222,0.5825000000000001
2025-04-15 15:35:28,11.24,30.0,3.0,7.119213374106054,229.4595098273926,0.025,0.6075000000000002
2025-04-15 15:35:30,11.72,30.0,2.0,4.948824480695311,234.40833430808792,0.016666666666666666,0.6241666666666669
2025-04-15 15:35:32,11.99,31.0,2.0,5.062833235796654,239.47116754388458,0.017222222222222222,0.6413888888888891
2025-04-15 15:35:35,11.99,32.0,3.0,7.594249853694981,247.06541739757955,0.02666666666666667,0.6680555555555557
2025-04-15 15:35:37,12.16,31.0,2.0,5.134616526045647,252.2000339236252,0.017222222222222222,0.685277777777778
2025-04-15 15:35:39,11.58,31.0,2.0,4.889708829902022,257.0897427535272,0.017222222222222222,0.7025000000000002
2025-04-15 15:35:42,11.22,30.0,3.0,7.10654573465035,264.1962884881776,0.025,0.7275000000000003
2025-04-15 15:35:44,13.72,30.0,2.0,5.793333777742292,269.9896222659199,0.016666666666666666,0.744166666666667
2025-04-15 15:35:46,12.97,31.0,2.0,5.476642791349675,275.46626505726954,0.017222222222222222,0.7613888888888892
2025-04-15 15:35:49,13.38,32.0,3.0,8.47465079586646,283.940915853136,0.02666666666666667,0.7880555555555558
2025-04-15 15:35:51,13.52,33.0,2.0,5.708882848037594,289.6497987011736,0.018333333333333333,0.8063888888888892
2025-04-15 15:35:53,13.86,33.0,2.0,5.852449428535581,295.5022481297092,0.018333333333333333,0.8247222222222225
2025-04-15 15:35:55,12.72,32.0,2.0,5.371079129218802,300.873327258928,0.017777777777777778,0.8425000000000002
2025-04-15 15:35:58,11.83,30.0,3.0,7.492908738049342,308.3662359969773,0.025,0.8675000000000003
2025-04-15 15:36:00,13.11,29.0,2.0,5.535758442142963,313.90199443912024,0.01611111111111111,0.8836111111111113
2025-04-15 15:36:02,13.55,29.0,2.0,5.7215504874933,319.62354492661353,0.01611111111111111,0.8997222222222224
2025-04-15 15:36:05,17.11,28.0,3.0,10.837165554355389,330.46071048096894,0.023333333333333334,0.9230555555555557
2025-04-15 15:36:07,21.11,29.0,2.0,8.913795630330888,339.3745061112998,0.01611111111111111,0.9391666666666668
2025-04-15 15:36:09,22.63,31.0,2.0,9.555622696086594,348.9301288073864,0.017222222222222222,0.9563888888888891
2025-04-15 15:36:12,22.61,32.0,3.0,14.320766404674185,363.2508952120606,0.02666666666666667,0.9830555555555557
2025-04-15 15:36:14,18.38,33.0,2.0,7.761040439861759,371.01193565192233,0.018333333333333333,1.001388888888889
2025-04-15 15:36:16,15.91,31.0,2.0,6.718071458008737,377.7300071099311,0.017222222222222222,1.0186111111111114
2025-04-15 15:36:19,15.3,31.0,3.0,9.690744183614111,387.4207512935452,0.025833333333333333,1.0444444444444447
2025-04-15 15:36:21,15.55,30.0,2.0,6.566059784540281,393.9868110780855,0.016666666666666666,1.0611111111111113
2025-04-15 15:36:23,16.63,29.0,2.0,7.02209480494565,401.00890588303116,0.01611111111111111,1.0772222222222225
2025-04-15 15:36:25,22.13,29.0,2.0,9.344495371824848,410.353401254856,0.01611111111111111,1.0933333333333337
2025-04-15 15:36:28,22.77,31.0,3.0,14.422107520319827,424.7755087751758,0.025833333333333333,1.119166666666667
2025-04-15 15:36:30,22.91,33.0,2.0,9.673853997673172,434.449362772849,0.018333333333333333,1.1375000000000004
2025-04-15 15:36:32,16.97,33.0,2.0,7.165661385443637,441.6150241582926,0.018333333333333333,1.1558333333333337
2025-04-15 15:36:35,16.94,31.0,3.0,10.729490618981899,452.3445147772745,0.025833333333333333,1.181666666666667
2025-04-15 15:36:37,17.63,30.0,2.0,7.44434945346914,459.7888642307437,0.016666666666666666,1.1983333333333337
2025-04-15 15:36:39,19.13,30.0,2.0,8.077731426254378,467.8665956569981,0.016666666666666666,1.2150000000000003
2025-04-15 15:36:42,18.88,31.0,3.0,11.958251646185255,479.82484730318333,0.025833333333333333,1.2408333333333337
2025-04-15 15:36:44,19.72,31.0,2.0,8.326861668883236,488.15170897206656,0.017222222222222222,1.258055555555556
2025-04-15 15:36:46,22.47,31.0,2.0,9.488061952322836,497.6397709243894,0.017222222222222222,1.2752777777777782
2025-04-15 15:36:48,20.66,32.0,2.0,8.723781038495318,506.3635519628847,0.017777777777777778,1.2930555555555558
2025-04-15 15:36:51,20.36,32.0,3.0,12.895656965907405,519.2592089287921,0.02666666666666667,1.3197222222222225
2025-04-15 15:36:53,20.8,33.0,2.0,8.782896689288608,528.0421056180807,0.018333333333333333,1.3380555555555558
2025-04-15 15:36:55,20.74,34.0,2.0,8.757561410377196,536.7996670284579,0.01888888888888889,1.3569444444444447
2025-04-15 15:36:58,15.63,34.0,3.0,9.89976023463324,546.6994272630911,0.028333333333333332,1.385277777777778
2025-04-15 15:37:00,18.49,33.0,2.0,7.807488451199342,554.5069157142905,0.018333333333333333,1.4036111111111114
2025-04-15 15:37:02,10.99,29.0,2.0,4.640578587273163,559.1474943015636,0.01611111111111111,1.4197222222222226
2025-04-15 15:37:05,12.33,28.0,3.0,7.80959972444196,566.9570940260055,0.023333333333333334,1.443055555555556
2025-04-15 15:37:07,11.41,28.0,2.0,4.817925539653029,571.7750195656586,0.015555555555555555,1.4586111111111115
2025-04-15 15:37:09,14.36,29.0,2.0,6.063576752797326,577.8385963184559,0.01611111111111111,1.4747222222222227
2025-04-15 15:37:12,12.72,30.0,3.0,8.056618693828202,585.8952150122841,0.025,1.4997222222222226
2025-04-15 15:37:14,7.05,30.0,2.0,2.9768952720906094,588.8721102843747,0.016666666666666666,1.5163888888888892
2025-04-15 15:37:16,5.97,27.0,2.0,2.520860251685239,591.3929705360599,0.015,1.5313888888888891
2025-04-15 15:37:18,6.02,18.0,2.0,2.541972984111414,593.9349435201714,0.01,1.5413888888888891
2025-04-15 15:37:21,6.94,11.0,3.0,4.395670891129539,598.3306144113009,0.009166666666666667,1.550555555555556
2025-04-15 15:37:23,17.33,10.0,2.0,7.317673058912093,605.648287470213,0.005555555555555556,1.5561111111111114
2025-04-15 15:37:25,14.61,11.0,2.0,6.169140414928199,611.8174278851411,0.006111111111111111,1.5622222222222226
2025-04-15 15:37:28,24.83,15.0,3.0,15.72687438425741,627.5443022693985,0.0125,1.5747222222222226
2025-04-15 15:37:30,21.86,20.0,2.0,9.230486616723507,636.774788886122,0.011111111111111112,1.5858333333333337
2025-04-15 15:37:32,28.63,24.0,2.0,12.089150587227538,648.8639394733495,0.013333333333333334,1.599166666666667
2025-04-15 15:37:35,17.91,28.0,3.0,11.343871132583578,660.2078106059331,0.023333333333333334,1.6225000000000005
2025-04-15 15:37:37,15.52,32.0,2.0,6.553392145084575,666.7612027510177,0.017777777777777778,1.6402777777777782
2025-04-15 15:37:39,15.16,33.0,2.0,6.401380471616119,673.1625832226338,0.018333333333333333,1.6586111111111115
2025-04-15 15:37:42,14.99,33.0,3.0,9.494395772050687,682.6569789946844,0.0275,1.6861111111111116
2025-04-15 15:37:44,15.88,34.0,2.0,6.705403818553033,689.3623828132374,0.01888888888888889,1.7050000000000005
2025-04-15 15:37:46,26.19,34.0,2.0,11.058849244830222,700.4212320580676,0.01888888888888889,1.7238888888888895
2025-04-15 15:37:48,14.3,32.0,2.0,6.038241473885917,706.4594735319536,0.017777777777777778,1.7416666666666671
2025-04-15 15:37:51,12.8,31.0,3.0,8.107289251651022,714.5667627836045,0.025833333333333333,1.7675000000000005
2025-04-15 15:37:53,12.83,32.0,2.0,5.417527140556386,719.9842899241609,0.017777777777777778,1.7852777777777782
2025-04-15 15:37:55,12.99,33.0,2.0,5.485087884320144,725.469377808481,0.018333333333333333,1.8036111111111115
2025-04-15 15:37:58,10.66,35.0,3.0,6.751851829890617,732.2212296383716,0.029166666666666667,1.832777777777778
2025-04-15 15:38:00,6.83,35.0,2.0,2.8839992494154414,735.105228887787,0.019444444444444445,1.8522222222222224
2025-04-15 15:38:02,6.38,36.0,2.0,2.6939846575798705,737.7992135453669,0.02,1.8722222222222225
2025-04-15 15:38:05,6.16,36.0,3.0,3.9016329523570543,741.700846497724,0.03,1.9022222222222225
2025-04-15 15:38:07,6.49,36.0,2.0,2.740432668917455,744.4412791666415,0.02,1.9222222222222225
2025-04-15 15:38:09,6.11,36.0,2.0,2.5799759024785285,747.02125506912,0.02,1.9422222222222225
2025-04-15 15:38:12,6.58,35.0,3.0,4.167653380926853,751.1889084500468,0.029166666666666667,1.971388888888889
2025-04-15 15:38:14,6.38,33.0,2.0,2.6939846575798705,753.8828931076267,0.018333333333333333,1.9897222222222224
2025-04-15 15:38:16,6.19,33.0,2.0,2.6137562743604077,756.4966493819871,0.018333333333333333,2.008055555555556
2025-04-15 15:38:18,6.38,34.0,2.0,2.6939846575798705,759.190634039567,0.01888888888888889,2.0269444444444447
2025-04-15 15:38:21,6.61,34.0,3.0,4.1866548401104104,763.3772888796775,0.028333333333333332,2.055277777777778
2025-04-15 15:38:23,6.22,35.0,2.0,2.626423913816112,766.0037127934936,0.019444444444444445,2.0747222222222224
2025-04-15 15:38:25,6.36,35.0,2.0,2.685539564609401,768.689252358103,0.019444444444444445,2.0941666666666667
2025-04-15 15:38:28,6.69,36.0,3.0,4.23732539793323,772.9265777560362,0.03,2.1241666666666665
2025-04-15 15:38:30,6.49,36.0,2.0,2.740432668917455,775.6670104249537,0.02,2.1441666666666666
2025-04-15 15:38:32,6.47,35.0,2.0,2.731987575946985,778.3989980009006,0.019444444444444445,2.163611111111111
2025-04-15 15:38:35,6.22,35.0,3.0,3.9396358707241683,782.3386338716248,0.029166666666666667,2.1927777777777777
2025-04-15 15:38:37,5.69,35.0,2.0,2.4026289500986624,784.7412628217235,0.019444444444444445,2.212222222222222
2025-04-15 15:38:39,6.69,34.0,2.0,2.824883598622153,787.5661464203456,0.01888888888888889,2.231111111111111
2025-04-15 15:38:41,9.16,33.0,2.0,3.867852580475175,791.4339990008208,0.018333333333333333,2.2494444444444444
2025-04-15 15:38:44,8.94,32.0,3.0,5.66243483670001,797.0964338375207,0.02666666666666667,2.276111111111111
2025-04-15 15:38:46,6.55,30.0,2.0,2.765767947828864,799.8622017853496,0.016666666666666666,2.292777777777778
2025-04-15 15:38:48,8.27,28.0,2.0,3.492045943289268,803.3542477286388,0.015555555555555555,2.3083333333333336
2025-04-15 15:38:51,10.77,27.0,3.0,6.8215238468969925,810.1757715755358,0.0225,2.3308333333333335
2025-04-15 15:38:53,10.19,26.0,2.0,4.30277486845437,814.4785464439901,0.014444444444444444,2.345277777777778
2025-04-15 15:38:55,12.8,26.0,2.0,5.404859501100681,819.8834059450908,0.014444444444444444,2.3597222222222225
2025-04-15 15:38:58,16.11,27.0,3.0,10.203783581570153,830.087189526661,0.0225,2.3822222222222225
2025-04-15 15:39:00,17.08,29.0,2.0,7.21210939678122,837.2992989234422,0.01611111111111111,2.3983333333333334
2025-04-15 15:39:02,17.94,30.0,2.0,7.575248394511424,844.8745473179536,0.016666666666666666,2.415
2025-04-15 15:39:05,17.94,31.0,3.0,11.362872591767136,856.2374199097206,0.025833333333333333,2.4408333333333334
2025-04-15 15:39:07,17.52,31.0,2.0,7.397901442131557,863.6353213518522,0.017222222222222222,2.4580555555555557
2025-04-15 15:39:09,17.88,31.0,2.0,7.549913115600013,871.1852344674522,0.017222222222222222,2.475277777777778
2025-04-15 15:39:11,18.19,31.0,2.0,7.680812056642297,878.8660465240945,0.017222222222222222,2.4925
2025-04-15 15:39:14,18.38,31.0,3.0,11.641560659792638,890.5076071838871,0.025833333333333333,2.5183333333333335
2025-04-15 15:39:16,16.97,32.0,2.0,7.165661385443637,897.6732685693307,0.017777777777777778,2.5361111111111114
2025-04-15 15:39:18,17.49,32.0,2.0,7.3852338026758515,905.0585023720066,0.017777777777777778,2.5538888888888893
2025-04-15 15:39:21,18.05,32.0,3.0,11.432544608773512,916.4910469807801,0.02666666666666667,2.580555555555556
2025-04-15 15:39:23,14.99,32.0,2.0,6.3295971813671255,922.8206441621472,0.017777777777777778,2.598333333333334
2025-04-15 15:39:25,15.97,33.0,2.0,6.7434067369201465,929.5640508990674,0.018333333333333333,2.6166666666666676
2025-04-15 15:39:28,15.19,33.0,3.0,9.621072166607735,939.1851230656752,0.0275,2.6441666666666674
2025-04-15 15:39:30,13.99,33.0,2.0,5.907342532843635,945.0924655985187,0.018333333333333333,2.662500000000001
2025-04-15 15:39:32,14.88,33.0,2.0,6.283149170029542,951.3756147685483,0.018333333333333333,2.6808333333333345
2025-04-15 15:39:35,15.27,34.0,3.0,9.671742724430555,961.0473574929789,0.028333333333333332,2.709166666666668
2025-04-15 15:39:37,24.22,35.0,2.0,10.227007587238944,971.2743650802179,0.019444444444444445,2.728611111111112
2025-04-15 15:39:39,25.41,33.0,2.0,10.729490618981899,982.0038556991998,0.018333333333333333,2.7469444444444457
2025-04-15 15:39:41,12.36,32.0,2.0,5.219067455750345,987.2229231549501,0.017777777777777778,2.7647222222222236
2025-04-15 15:39:44,12.58,32.0,3.0,7.9679452176382695,995.1908683725884,0.02666666666666667,2.7913888888888905
2025-04-15 15:39:46,12.27,32.0,2.0,5.1810645373832305,1000.3719329099716,0.017777777777777778,2.8091666666666684
2025-04-15 15:39:48,13.91,32.0,2.0,5.873562160961756,1006.2454950709334,0.017777777777777778,2.8269444444444463
2025-04-15 15:39:51,14.55,34.0,3.0,9.215707704025185,1015.4612027749586,0.028333333333333332,2.8552777777777796
2025-04-15 15:39:53,11.74,34.0,2.0,4.957269573665781,1020.4184723486244,0.01888888888888889,2.8741666666666683
2025-04-15 15:39:55,16.86,35.0,2.0,7.119213374106053,1027.5376857227304,0.019444444444444445,2.8936111111111127
2025-04-15 15:39:58,11.47,35.0,3.0,7.2648912278466575,1034.802576950577,0.029166666666666667,2.9227777777777795
2025-04-15 15:40:00,8.88,35.0,2.0,3.749621278888598,1038.5521982294656,0.019444444444444445,2.942222222222224
2025-04-15 15:40:02,12.91,35.0,2.0,5.451307512438265,1044.0035057419038,0.019444444444444445,2.9616666666666682
2025-04-15 15:40:04,14.77,34.0,2.0,6.236701158691957,1050.2402069005957,0.01888888888888889,2.980555555555557
2025-04-15 15:40:07,25.61,33.0,3.0,16.220912323029893,1066.4611192236257,0.0275,3.008055555555557
2025-04-15 15:40:09,13.72,32.0,2.0,5.793333777742292,1072.254453001368,0.017777777777777778,3.0258333333333347
2025-04-15 15:40:11,12.36,31.0,2.0,5.219067455750345,1077.4735204571182,0.017222222222222222,3.043055555555557
2025-04-15 15:40:14,10.41,27.0,3.0,6.593506336694308,1084.0670267938126,0.0225,3.065555555555557
2025-04-15 15:40:16,6.36,24.0,2.0,2.685539564609401,1086.752566358422,0.013333333333333334,3.07888888888889
2025-04-15 15:40:18,6.91,21.0,2.0,2.917779621297321,1089.6703459797193,0.011666666666666667,3.090555555555557
2025-04-15 15:40:21,5.86,17.0,3.0,3.7116183605214834,1093.3819643402408,0.014166666666666666,3.1047222222222235
2025-04-15 15:40:23,6.16,13.0,2.0,2.601088634904703,1095.9830529751455,0.007222222222222222,3.1119444444444455
2025-04-15 15:40:25,10.49,10.0,2.0,4.429451263011417,1100.412504238157,0.005555555555555556,3.117500000000001
2025-04-15 15:40:27,16.91,11.0,2.0,7.140326106532228,1107.5528303446893,0.006111111111111111,3.1236111111111122
2025-04-15 15:40:30,25.27,14.0,3.0,16.005562452282913,1123.5583927969722,0.011666666666666667,3.135277777777779
2025-04-15 15:40:32,28.02,21.0,2.0,11.831575251628209,1135.3899680486004,0.011666666666666667,3.1469444444444457
2025-04-15 15:40:34,22.41,26.0,2.0,9.462726673411426,1144.8526947220118,0.014444444444444444,3.16138888888889
2025-04-15 15:40:37,20.24,27.0,3.0,12.819651129173176,1157.6723458511851,0.0225,3.18388888888889
2025-04-15 15:40:39,20.72,30.0,2.0,8.749116317406727,1166.421462168592,0.016666666666666666,3.2005555555555567
2025-04-15 15:40:41,20.33,32.0,2.0,8.584437004482565,1175.0058991730746,0.017777777777777778,3.2183333333333346
2025-04-15 15:40:44,14.86,32.0,3.0,9.412056115588609,1184.4179552886633,0.02666666666666667,3.2450000000000014
2025-04-15 15:40:46,19.33,31.0,2.0,8.162182355959075,1192.5801376446223,0.017222222222222222,3.2622222222222237
2025-04-15 15:40:48,19.66,32.0,2.0,8.301526389971828,1200.881664034594,0.017777777777777778,3.2800000000000016
2025-04-15 15:40:50,19.94,33.0,2.0,8.419757691558406,1209.3014217261525,0.018333333333333333,3.298333333333335
2025-04-15 15:40:53,20.49,33.0,3.0,12.977996622369485,1222.279418348522,0.0275,3.325833333333335
2025-04-15 15:40:55,16.72,34.0,2.0,7.060097723312764,1229.3395160718349,0.01888888888888889,3.3447222222222237
2025-04-15 15:40:57,16.58,33.0,2.0,7.000982072519475,1236.3404981443543,0.018333333333333333,3.3630555555555572
2025-04-15 15:41:00,18.24,33.0,3.0,11.552887183602705,1247.893385327957,0.0275,3.390555555555557
2025-04-15 15:41:02,18.27,33.0,2.0,7.714592428524175,1255.6079777564812,0.018333333333333333,3.4088888888888906
2025-04-15 15:41:04,13.74,32.0,2.0,5.801778870712762,1261.409756627194,0.017777777777777778,3.4266666666666685
2025-04-15 15:41:07,14.61,30.0,3.0,9.253710622392298,1270.6634672495861,0.025,3.4516666666666684
2025-04-15 15:41:09,14.52,29.0,2.0,6.1311374965610845,1276.7946047461471,0.01611111111111111,3.4677777777777794
2025-04-15 15:41:11,15.97,28.0,2.0,6.7434067369201465,1283.5380114830673,0.015555555555555555,3.483333333333335
2025-04-15 15:41:13,17.72,29.0,2.0,7.482352371836255,1291.0203638549035,0.01611111111111111,3.499444444444446
2025-04-15 15:41:16,20.66,31.0,3.0,13.085671557742977,1304.1060354126464,0.025833333333333333,3.5252777777777795
2025-04-15 15:41:18,22.02,34.0,2.0,9.298047360487265,1313.4040827731337,0.01888888888888889,3.5441666666666682
2025-04-15 15:41:20,16.8,35.0,2.0,7.093878095194644,1320.4979608683284,0.019444444444444445,3.5636111111111126
2025-04-15 15:41:23,16.16,34.0,3.0,10.235452680209415,1330.7334135485378,0.028333333333333332,3.591944444444446
2025-04-15 15:41:25,16.94,34.0,2.0,7.152993745987933,1337.8864072945257,0.01888888888888889,3.6108333333333347
2025-04-15 15:41:27,24.83,33.0,2.0,10.484582922838273,1348.370990217364,0.018333333333333333,3.629166666666668
2025-04-15 15:41:29,13.94,31.0,2.0,5.8862298004174605,1354.2572200177813,0.017222222222222222,3.6463888888888905
2025-04-15 15:41:32,13.33,31.0,3.0,8.442981697227196,1362.7002017150085,0.025833333333333333,3.672222222222224
2025-04-15 15:41:34,15.3,32.0,2.0,6.460496122409408,1369.160697837418,0.017777777777777778,3.6900000000000017
2025-04-15 15:41:36,15.88,33.0,2.0,6.705403818553033,1375.866101655971,0.018333333333333333,3.7083333333333353
2025-04-15 15:41:39,16.61,35.0,3.0,10.52047456796277,1386.3865762239338,0.029166666666666667,3.737500000000002
2025-04-15 15:41:41,14.16,37.0,2.0,5.9791258230926285,1392.3657020470264,0.020555555555555556,3.7580555555555577
2025-04-15 15:41:43,7.55,37.0,2.0,3.1880225963523547,1395.5537246433787,0.020555555555555556,3.7786111111111134
2025-04-15 15:41:46,7.19,37.0,3.0,4.554016384325847,1400.1077410277046,0.030833333333333334,3.8094444444444466
2025-04-15 15:41:48,6.99,36.0,2.0,2.9515599931792003,1403.0593010208838,0.02,3.8294444444444466
2025-04-15 15:41:50,6.49,35.0,2.0,2.740432668917455,1405.7997336898013,0.019444444444444445,3.848888888888891
2025-04-15 15:41:52,6.55,34.0,2.0,2.765767947828864,1408.5655016376302,0.01888888888888889,3.8677777777777798
2025-04-15 15:41:55,12.49,33.0,3.0,7.9109408400876,1416.4764424777177,0.0275,3.8952777777777796
2025-04-15 15:41:57,14.74,33.0,2.0,6.2240335192362535,1422.7004759969539,0.018333333333333333,3.913611111111113
2025-04-15 15:41:59,15.08,33.0,2.0,6.36760009973424,1429.0680760966882,0.018333333333333333,3.9319444444444467
2025-04-15 15:42:02,14.3,32.0,3.0,9.057362210828876,1438.125438307517,0.02666666666666667,3.9586111111111135
2025-04-15 15:42:04,14.63,33.0,2.0,6.1775855078986694,1444.3030238154156,0.018333333333333333,3.976944444444447
2025-04-15 15:42:06,14.66,32.0,2.0,6.190253147354373,1450.4932769627699,0.017777777777777778,3.994722222222225
2025-04-15 15:42:08,14.63,31.0,2.0,6.1775855078986694,1456.6708624706685,0.017222222222222222,4.011944444444447
2025-04-15 15:42:11,14.55,30.0,3.0,9.215707704025185,1465.8865701746936,0.025,4.0369444444444476
2025-04-15 15:42:13,14.13,29.0,2.0,5.966458183636924,1471.8530283583304,0.01611111111111111,4.0530555555555585
2025-04-15 15:42:15,16.11,28.0,2.0,6.802522387713435,1478.655550746044,0.015555555555555555,4.068611111111114
2025-04-15 15:42:18,20.24,28.0,3.0,12.819651129173176,1491.4752018752172,0.023333333333333334,4.091944444444447
2025-04-15 15:42:20,22.36,29.0,2.0,9.441613940985253,1500.9168158162024,0.01611111111111111,4.108055555555558
2025-04-15 15:42:22,22.91,31.0,2.0,9.673853997673172,1510.5906698138756,0.017222222222222222,4.1252777777777805
2025-04-15 15:42:25,27.72,33.0,3.0,17.557348285606743,1528.1480180994824,0.0275,4.15277777777778
2025-04-15 15:42:27,27.52,35.0,2.0,11.620447927366463,1539.768466026849,0.019444444444444445,4.172222222222225
2025-04-15 15:42:29,19.41,35.0,2.0,8.195962727840955,1547.9644287546898,0.019444444444444445,4.19166666666667
2025-04-15 15:42:31,15.97,32.0,2.0,6.7434067369201465,1554.70783549161,0.017777777777777778,4.209444444444448
2025-04-15 15:42:34,13.99,30.0,3.0,8.861013799265452,1563.5688492908755,0.025,4.234444444444448
2025-04-15 15:42:36,17.11,28.0,2.0,7.224777036236926,1570.7936263271124,0.015555555555555555,4.2500000000000036
2025-04-15 15:42:38,23.08,29.0,2.0,9.745637287922165,1580.5392636150345,0.01611111111111111,4.2661111111111145
2025-04-15 15:42:41,27.52,31.0,3.0,17.430671891049695,1597.9699355060843,0.025833333333333333,4.2919444444444474
2025-04-15 15:42:43,25.33,34.0,2.0,10.695710247100019,1608.6656457531844,0.01888888888888889,4.310833333333337
2025-04-15 15:42:45,22.97,35.0,2.0,9.699189276584582,1618.364835029769,0.019444444444444445,4.3302777777777814
2025-04-15 15:42:48,22.77,35.0,3.0,14.422107520319827,1632.7869425500887,0.029166666666666667,4.359444444444448
2025-04-15 15:42:50,22.33,35.0,2.0,9.428946301529546,1642.2158888516183,0.019444444444444445,4.378888888888893
2025-04-15 15:42:52,21.55,35.0,2.0,9.099587675681224,1651.3154765272996,0.019444444444444445,4.398333333333338
2025-04-15 15:42:54,17.19,34.0,2.0,7.258557408118806,1658.5740339354184,0.01888888888888889,4.417222222222227
2025-04-15 15:42:57,13.63,31.0,3.0,8.632996289062769,1667.207030224481,0.025833333333333333,4.44305555555556
2025-04-15 15:42:59,13.52,28.0,2.0,5.708882848037594,1672.9159130725186,0.015555555555555555,4.458611111111115
2025-04-15 15:43:01,15.13,28.0,2.0,6.388712832160414,1679.304625904679,0.015555555555555555,4.474166666666671
2025-04-15 15:43:04,17.36,29.0,3.0,10.995511047551698,1690.3001369522306,0.024166666666666666,4.4983333333333375
2025-04-15 15:43:06,17.91,30.0,2.0,7.562580755055719,1697.8627177072863,0.016666666666666666,4.515000000000004
2025-04-15 15:43:08,16.24,32.0,2.0,6.857415492021488,1704.7201331993078,0.017777777777777778,4.532777777777782
2025-04-15 15:43:10,14.41,31.0,2.0,6.084689485223501,1710.8048226845312,0.017222222222222222,4.550000000000004
2025-04-15 15:43:13,14.44,32.0,3.0,9.146035687018808,1719.95085837155,0.02666666666666667,4.576666666666671
2025-04-15 15:43:15,14.69,30.0,2.0,6.202920786810078,1726.1537791583603,0.016666666666666666,4.593333333333337
2025-04-15 15:43:17,14.44,31.0,2.0,6.097357124679205,1732.2511362830394,0.017222222222222222,4.6105555555555595
2025-04-15 15:43:20,6.19,30.0,3.0,3.9206344115406115,1736.17177069458,0.025,4.63555555555556
2025-04-15 15:43:22,6.38,28.0,2.0,2.6939846575798705,1738.8657553521598,0.015555555555555555,4.651111111111115
2025-04-15 15:43:24,6.47,27.0,2.0,2.731987575946985,1741.5977429281068,0.015,4.666111111111115
2025-04-15 15:43:26,6.44,21.0,2.0,2.71931993649128,1744.317062864598,0.011666666666666667,4.677777777777782
2025-04-15 15:43:29,6.88,14.0,3.0,4.357667972762424,1748.6747308373604,0.011666666666666667,4.689444444444448
2025-04-15 15:43:31,6.19,10.0,2.0,2.6137562743604077,1751.2884871117208,0.005555555555555556,4.695000000000004
2025-04-15 15:43:33,13.69,9.0,2.0,5.780666138286588,1757.0691532500073,0.005,4.700000000000004
2025-04-15 15:43:36,33.19,15.0,3.0,21.021947676741984,1778.0911009267493,0.0125,4.712500000000004
2025-04-15 15:43:38,33.3,24.0,2.0,14.061079795832239,1792.1521807225815,0.013333333333333334,4.7258333333333375
2025-04-15 15:43:40,19.11,30.0,2.0,8.069286333283907,1800.2214670558653,0.016666666666666666,4.742500000000004
2025-04-15 15:43:42,26.61,34.0,2.0,11.236196197210088,1811.4576632530755,0.01888888888888889,4.761388888888893
2025-04-15 15:43:45,23.3,38.0,3.0,14.757799965896002,1826.2154632189715,0.03166666666666667,4.79305555555556
2025-04-15 15:43:47,15.69,35.0,2.0,6.625175435333569,1832.8406386543052,0.019444444444444445,4.812500000000004
2025-04-15 15:43:49,17.19,33.0,2.0,7.258557408118806,1840.099196062424,0.018333333333333333,4.830833333333338
2025-04-15 15:43:52,12.02,30.0,3.0,7.613251312878537,1847.7124473753024,0.025,4.855833333333338
2025-04-15 15:43:54,11.22,29.0,2.0,4.737697156433566,1852.450144531736,0.01611111111111111,4.871944444444449
2025-04-15 15:43:56,10.49,27.0,2.0,4.429451263011417,1856.8795957947475,0.015,4.886944444444449
2025-04-15 15:43:59,9.49,26.0,3.0,6.01079492173189,1862.8903907164795,0.021666666666666667,4.9086111111111155
2025-04-15 15:44:01,9.3,25.0,2.0,3.926968231268464,1866.817358947748,0.013888888888888888,4.922500000000005
2025-04-15 15:44:03,12.72,27.0,2.0,5.371079129218802,1872.1884380769668,0.015,4.937500000000004
2025-04-15 15:44:05,12.91,29.0,2.0,5.451307512438265,1877.639745589405,0.01611111111111111,4.953611111111115
2025-04-15 15:44:08,10.13,30.0,3.0,6.416159384314442,1884.0559049737194,0.025,4.978611111111116
2025-04-15 15:44:10,6.8,31.0,2.0,2.8713316099597366,1886.9272365836791,0.017222222222222222,4.995833333333338
2025-04-15 15:44:12,6.97,32.0,2.0,2.9431149002087302,1889.8703514838878,0.017777777777777778,5.013611111111116
2025-04-15 15:44:15,6.24,32.0,3.0,3.952303510179873,1893.8226549940678,0.02666666666666667,5.040277777777782
2025-04-15 15:44:17,6.61,33.0,2.0,2.791103226740274,1896.613758220808,0.018333333333333333,5.058611111111116
2025-04-15 15:44:19,6.66,33.0,2.0,2.812215959166448,1899.4259741799744,0.018333333333333333,5.076944444444449
2025-04-15 15:44:21,6.47,34.0,2.0,2.731987575946985,1902.1579617559214,0.01888888888888889,5.0958333333333385
2025-04-15 15:44:24,6.41,34.0,3.0,4.059978445553363,1906.2179402014747,0.028333333333333332,5.124166666666672
2025-04-15 15:44:26,6.41,35.0,2.0,2.7066522970355753,1908.9245924985103,0.019444444444444445,5.143611111111117
2025-04-15 15:44:28,6.27,35.0,2.0,2.6475366462422865,1911.5721291447526,0.019444444444444445,5.1630555555555615
2025-04-15 15:44:31,6.58,35.0,3.0,4.167653380926853,1915.7397825256794,0.029166666666666667,5.192222222222228
2025-04-15 15:44:33,6.49,36.0,2.0,2.740432668917455,1918.480215194597,0.02,5.212222222222228
2025-04-15 15:44:35,6.24,36.0,2.0,2.634869006786582,1921.1150842013835,0.02,5.232222222222227
2025-04-15 15:44:37,6.61,36.0,2.0,2.791103226740274,1923.9061874281238,0.02,5.252222222222227
2025-04-15 15:44:40,6.49,36.0,3.0,4.110649003376182,1928.0168364315,0.03,5.282222222222227
2025-04-15 15:44:42,6.24,36.0,2.0,2.634869006786582,1930.6517054382866,0.02,5.302222222222227
2025-04-15 15:44:44,6.52,36.0,2.0,2.7531003083731593,1933.4048057466598,0.02,5.322222222222226
2025-04-15 15:44:47,6.16,36.0,3.0,3.9016329523570543,1937.3064386990168,0.03,5.352222222222227
2025-04-15 15:44:49,6.55,35.0,2.0,2.765767947828864,1940.0722066468456,0.019444444444444445,5.3716666666666715
2025-04-15 15:44:51,6.33,34.0,2.0,2.672871925153696,1942.7450785719993,0.01888888888888889,5.390555555555561
2025-04-15 15:44:53,6.55,32.0,2.0,2.765767947828864,1945.5108465198282,0.017777777777777778,5.4083333333333385
2025-04-15 15:44:56,13.47,31.0,3.0,8.53165517341713,1954.0425016932454,0.025833333333333333,5.4341666666666715
2025-04-15 15:44:58,14.33,31.0,2.0,6.050909113341622,1960.0934108065871,0.017222222222222222,5.451388888888894
2025-04-15 15:45:00,13.19,31.0,2.0,5.569538814024842,1965.662949620612,0.017222222222222222,5.468611111111116
2025-04-15 15:45:03,13.94,30.0,3.0,8.82934470062619,1974.4922943212382,0.025,5.493611111111116
2025-04-15 15:45:05,13.08,28.0,2.0,5.523090802687259,1980.0153851239254,0.015555555555555555,5.509166666666672
2025-04-15 15:45:07,12.77,27.0,2.0,5.392191861644976,1985.4075769855704,0.015,5.524166666666671
2025-04-15 15:45:09,15.94,27.0,2.0,6.730739097464442,1992.1383160830349,0.015,5.539166666666671
2025-04-15 15:45:12,24.47,28.0,3.0,15.498856874054725,2007.6371729570897,0.023333333333333334,5.562500000000004
2025-04-15 15:45:14,26.69,31.0,2.0,11.269976569091968,2018.9071495261817,0.017222222222222222,5.579722222222227
2025-04-15 15:45:16,26.3,34.0,2.0,11.105297256167805,2030.0124467823496,0.01888888888888889,5.598611111111116
2025-04-15 15:45:18,28.72,36.0,2.0,12.127153505594652,2042.1396002879442,0.02,5.618611111111115
2025-04-15 15:45:21,28.8,38.0,3.0,18.2414008162148,2060.381001104159,0.03166666666666667,5.650277777777782
2025-04-15 15:45:23,22.91,37.0,2.0,9.673853997673172,2070.0548551018323,0.020555555555555556,5.670833333333337
2025-04-15 15:45:25,14.44,32.0,2.0,6.097357124679205,2076.1522122265114,0.017777777777777778,5.688611111111115
2025-04-15 15:45:28,12.22,27.0,3.0,7.7399277074355854,2083.892139933947,0.0225,5.711111111111115
2025-04-15 15:45:30,14.33,25.0,2.0,6.050909113341622,2089.9430490472887,0.013888888888888888,5.725000000000004
2025-04-15 15:45:32,16.83,26.0,2.0,7.106545734650348,2097.049594781939,0.014444444444444444,5.739444444444448
2025-04-15 15:45:34,20.11,28.0,2.0,8.491540981807399,2105.5411357637463,0.015555555555555555,5.7550000000000034
2025-04-15 15:45:37,25.63,31.0,3.0,16.2335799624856,2121.774715726232,0.025833333333333333,5.780833333333336
2025-04-15 15:45:39,30.22,36.0,2.0,12.76053547837989,2134.535251204612,0.02,5.800833333333336
2025-04-15 15:45:41,23.19,38.0,2.0,9.79208529925975,2144.3273365038717,0.021111111111111112,5.821944444444447
2025-04-15 15:45:44,16.24,36.0,3.0,10.286123238032232,2154.613459741904,0.03,5.851944444444447
2025-04-15 15:45:46,27.19,35.0,2.0,11.481103893353712,2166.0945636352576,0.019444444444444445,5.871388888888892
2025-04-15 15:45:48,16.27,32.0,2.0,6.870083131477194,2172.964646766735,0.017777777777777778,5.88916666666667
2025-04-15 15:45:50,18.13,33.0,2.0,7.655476777730886,2180.620123544466,0.018333333333333333,5.907500000000003
2025-04-15 15:45:53,16.83,35.0,3.0,10.659818601975523,2191.2799421464415,0.029166666666666667,5.93666666666667
2025-04-15 15:45:55,17.99,36.0,2.0,7.596361126937597,2198.876303273379,0.02,5.95666666666667
2025-04-15 15:45:57,16.83,36.0,2.0,7.106545734650348,2205.9828490080295,0.02,5.976666666666669
2025-04-15 15:46:00,15.55,36.0,3.0,9.849089676810422,2215.8319386848398,0.03,6.0066666666666695
2025-04-15 15:46:02,16.58,36.0,2.0,7.000982072519475,2222.8329207573593,0.02,6.026666666666669
2025-04-15 15:46:04,15.8,35.0,2.0,6.671623446671154,2229.5045442040305,0.019444444444444445,6.046111111111114
2025-04-15 15:46:06,16.61,34.0,2.0,7.01364971197518,2236.5181939160057,0.01888888888888889,6.065000000000003
2025-04-15 15:46:09,25.36,33.0,3.0,16.062566829833585,2252.580760745839,0.0275,6.092500000000003
2025-04-15 15:46:11,14.3,32.0,2.0,6.038241473885917,2258.619002219725,0.017777777777777778,6.110277777777781
2025-04-15 15:46:13,12.38,31.0,2.0,5.227512548720815,2263.846514768446,0.017222222222222222,6.127500000000003
2025-04-15 15:46:15,12.69,30.0,2.0,5.358411489763097,2269.204926258209,0.016666666666666666,6.14416666666667
2025-04-15 15:46:18,12.3,29.0,3.0,7.790598265258405,2276.9955245234673,0.024166666666666666,6.1683333333333366
2025-04-15 15:46:20,11.44,29.0,2.0,4.8305931791087335,2281.826117702576,0.01611111111111111,6.1844444444444475
2025-04-15 15:46:22,8.11,28.0,2.0,3.4244851995255092,2285.2506029021015,0.015555555555555555,6.200000000000003
2025-04-15 15:46:25,7.38,28.0,3.0,4.674358959155042,2289.9249618612566,0.023333333333333334,6.223333333333336
2025-04-15 15:46:27,6.8,27.0,2.0,2.8713316099597366,2292.7962934712164,0.015,6.238333333333336
2025-04-15 15:46:29,7.24,18.0,2.0,3.0571236553100727,2295.8534171265264,0.01,6.248333333333336
2025-04-15 15:46:31,6.91,14.0,2.0,2.917779621297321,2298.771196747824,0.0077777777777777776,6.256111111111114
2025-04-15 15:46:34,13.08,11.0,3.0,8.284636204030889,2307.055832951855,0.009166666666666667,6.26527777777778
2025-04-15 15:46:36,18.38,12.0,2.0,7.761040439861759,2314.816873391717,0.006666666666666667,6.271944444444447
2025-04-15 15:46:38,29.27,16.0,2.0,12.359393562282573,2327.1762669539994,0.008888888888888889,6.2808333333333355
2025-04-15 15:46:41,27.49,22.0,3.0,17.41167043186614,2344.5879373858656,0.018333333333333333,6.299166666666669
2025-04-15 15:46:43,26.52,27.0,2.0,11.198193278842973,2355.7861306647087,0.015,6.314166666666669
2025-04-15 15:46:45,11.58,29.0,2.0,4.889708829902022,2360.675839494611,0.01611111111111111,6.33027777777778
2025-04-15 15:46:47,23.97,31.0,2.0,10.121443925108071,2370.797283419719,0.017222222222222222,6.347500000000002
2025-04-15 15:46:50,22.83,33.0,3.0,14.460110438686938,2385.257393858406,0.0275,6.375000000000002
2025-04-15 15:46:52,25.49,35.0,2.0,10.763270990863777,2396.02066484927,0.019444444444444445,6.394444444444447
2025-04-15 15:46:54,20.77,37.0,2.0,8.770229049832901,2404.7908938991027,0.020555555555555556,6.415000000000002
2025-04-15 15:46:57,17.16,35.0,3.0,10.86883465299465,2415.6597285520975,0.029166666666666667,6.444166666666669
2025-04-15 15:46:59,15.91,32.0,2.0,6.718071458008737,2422.377800010106,0.017777777777777778,6.4619444444444465
2025-04-15 15:47:01,14.94,30.0,2.0,6.308484448940951,2428.686284459047,0.016666666666666666,6.478611111111113
2025-04-15 15:47:03,15.27,29.0,2.0,6.447828482953703,2435.1341129420007,0.01611111111111111,6.494722222222224
2025-04-15 15:47:06,15.22,29.0,3.0,9.640073625791294,2444.774186567792,0.024166666666666666,6.518888888888891
2025-04-15 15:47:08,19.24,29.0,2.0,8.12417943759196,2452.898366005384,0.01611111111111111,6.535000000000002
2025-04-15 15:47:10,21.22,31.0,2.0,8.960243641668471,2461.8586096470526,0.017222222222222222,6.552222222222224
2025-04-15 15:47:13,21.38,32.0,3.0,13.541706578148347,2475.400316225201,0.02666666666666667,6.578888888888891
2025-04-15 15:47:15,21.69,33.0,2.0,9.158703326474514,2484.5590195516756,0.018333333333333333,6.597222222222224
2025-04-15 15:47:17,22.11,34.0,2.0,9.33605027885438,2493.8950698305302,0.01888888888888889,6.616111111111113
2025-04-15 15:47:19,21.86,35.0,2.0,9.230486616723507,2503.1255564472535,0.019444444444444445,6.635555555555558
2025-04-15 15:47:22,16.44,35.0,3.0,10.41279963258928,2513.5383560798427,0.029166666666666667,6.664722222222225
2025-04-15 15:47:24,15.24,33.0,2.0,6.435160843497998,2519.973516923341,0.018333333333333333,6.683055555555558
2025-04-15 15:47:26,16.97,32.0,2.0,7.165661385443637,2527.1391783087847,0.017777777777777778,6.700833333333336
2025-04-15 15:47:28,16.13,32.0,2.0,6.810967480683905,2533.9501457894685,0.017777777777777778,6.718611111111114
2025-04-15 15:47:31,16.88,32.0,3.0,10.691487700614784,2544.641633490083,0.02666666666666667,6.745277777777781
2025-04-15 15:47:33,17.55,33.0,2.0,7.410569081587262,2552.0522025716705,0.018333333333333333,6.763611111111114
2025-04-15 15:47:35,18.38,35.0,2.0,7.761040439861759,2559.8132430115324,0.019444444444444445,6.783055555555559
2025-04-15 15:47:38,15.47,34.0,3.0,9.798419118987603,2569.61166213052,0.028333333333333332,6.811388888888892
2025-04-15 15:47:40,14.41,32.0,2.0,6.084689485223501,2575.6963516157434,0.017777777777777778,6.82916666666667
2025-04-15 15:47:42,12.8,31.0,2.0,5.404859501100681,2581.1012111168443,0.017222222222222222,6.846388888888892
2025-04-15 15:47:44,12.72,31.0,2.0,5.371079129218802,2586.472290246063,0.017222222222222222,6.863611111111115
2025-04-15 15:47:47,12.19,30.0,3.0,7.720926248252027,2594.193216494315,0.025,6.888611111111115
2025-04-15 15:47:49,12.52,30.0,2.0,5.286628199514103,2599.4798446938294,0.016666666666666666,6.905277777777782
2025-04-15 15:47:51,12.36,31.0,2.0,5.219067455750345,2604.69891214958,0.017222222222222222,6.922500000000004
2025-04-15 15:47:54,12.3,31.0,3.0,7.790598265258405,2612.489510414838,0.025833333333333333,6.948333333333337
2025-04-15 15:47:56,12.58,31.0,2.0,5.311963478425513,2617.801473893264,0.017222222222222222,6.965555555555559
2025-04-15 15:47:58,12.58,31.0,2.0,5.311963478425513,2623.1134373716895,0.017222222222222222,6.982777777777781
2025-04-15 15:48:00,11.83,30.0,2.0,4.995272492032895,2628.1087098637227,0.016666666666666666,6.999444444444448
2025-04-15 15:48:03,14.27,29.0,3.0,9.03836075164532,2637.147070615368,0.024166666666666666,7.023611111111115
2025-04-15 15:48:05,16.99,30.0,2.0,7.174106478414107,2644.3211770937824,0.016666666666666666,7.040277777777781
2025-04-15 15:48:07,16.33,32.0,2.0,6.8954184103886025,2651.216595504171,0.017777777777777778,7.058055555555559
2025-04-15 15:48:10,16.91,33.0,3.0,10.710489159798342,2661.9270846639693,0.0275,7.085555555555559
2025-04-15 15:48:12,16.72,33.0,2.0,7.060097723312764,2668.987182387282,0.018333333333333333,7.103888888888893
2025-04-15 15:48:14,17.61,33.0,2.0,7.435904360498671,2676.4230867477804,0.018333333333333333,7.122222222222226
2025-04-15 15:48:16,17.19,33.0,2.0,7.258557408118806,2683.6816441558994,0.018333333333333333,7.14055555555556
2025-04-15 15:48:19,16.47,32.0,3.0,10.431801091772837,2694.113445247672,0.02666666666666667,7.167222222222226
2025-04-15 15:48:21,16.24,31.0,2.0,6.857415492021488,2700.9708607396938,0.017222222222222222,7.184444444444448
2025-04-15 15:48:23,17.24,30.0,2.0,7.2796701405449795,2708.250530880239,0.016666666666666666,7.201111111111115
2025-04-15 15:48:26,18.44,29.0,3.0,11.679563578159755,2719.9300944583983,0.024166666666666666,7.225277777777782
2025-04-15 15:48:28,18.3,29.0,2.0,7.727260067979881,2727.657354526378,0.01611111111111111,7.241388888888893
2025-04-15 15:48:30,19.94,28.0,2.0,8.419757691558406,2736.0771122179367,0.015555555555555555,7.256944444444448
2025-04-15 15:48:32,22.88,29.0,2.0,9.661186358217467,2745.738298576154,0.01611111111111111,7.273055555555559
2025-04-15 15:48:35,25.66,31.0,3.0,16.252581421669156,2761.9908799978234,0.025833333333333333,7.298888888888892
2025-04-15 15:48:37,26.99,33.0,2.0,11.396652963649014,2773.3875329614725,0.018333333333333333,7.317222222222226
2025-04-15 15:48:39,28.08,35.0,2.0,11.856910530539619,2785.244443492012,0.019444444444444445,7.3366666666666704
2025-04-15 15:48:42,28.33,37.0,3.0,17.943711289005737,2803.188154781018,0.030833333333333334,7.367500000000004
2025-04-15 15:48:44,21.55,37.0,2.0,9.099587675681224,2812.287742456699,0.020555555555555556,7.388055555555559
2025-04-15 15:48:46,20.3,36.0,2.0,8.571769365026862,2820.859511821726,0.02,7.408055555555559
2025-04-15 15:48:48,19.36,35.0,2.0,8.17484999541478,2829.0343618171405,0.019444444444444445,7.427500000000004
2025-04-15 15:48:51,15.99,33.0,3.0,10.127777744835925,2839.1621395619763,0.0275,7.455000000000004
2025-04-15 15:48:53,17.63,31.0,2.0,7.44434945346914,2846.6064890154453,0.017222222222222222,7.472222222222226
2025-04-15 15:48:55,18.08,30.0,2.0,7.634364045304711,2854.24085306075,0.016666666666666666,7.4888888888888925
2025-04-15 15:48:58,17.99,29.0,3.0,11.394541690406395,2865.635394751156,0.024166666666666666,7.513055555555559
2025-04-15 15:49:00,19.74,29.0,2.0,8.335306761853706,2873.9707015130098,0.01611111111111111,7.52916666666667
2025-04-15 15:49:02,21.05,30.0,2.0,8.88846035141948,2882.859161864429,0.016666666666666666,7.545833333333337
2025-04-15 15:49:05,22.22,30.0,3.0,14.073747435287945,2896.9329092997173,0.025,7.570833333333337
2025-04-15 15:49:07,23.27,32.0,2.0,9.825865671141628,2906.758774970859,0.017777777777777778,7.588611111111115
2025-04-15 15:49:09,23.69,33.0,2.0,10.003212623521495,2916.7619875943806,0.018333333333333333,7.606944444444449
2025-04-15 15:49:11,21.8,34.0,2.0,9.205151337812097,2925.9671389321925,0.01888888888888889,7.625833333333338
2025-04-15 15:49:14,22.44,35.0,3.0,14.2130914693007,2940.180230401493,0.029166666666666667,7.655000000000005
2025-04-15 15:49:16,18.02,35.0,2.0,7.609028766393302,2947.7892591678865,0.019444444444444445,7.6744444444444495
2025-04-15 15:49:18,23.08,36.0,2.0,9.745637287922165,2957.534896455809,0.02,7.694444444444449
2025-04-15 15:49:21,17.63,36.0,3.0,11.16652418020371,2968.7014206360127,0.03,7.724444444444449
2025-04-15 15:49:23,22.38,35.0,2.0,9.450059033955721,2978.1514796699685,0.019444444444444445,7.743888888888894
2025-04-15 15:49:25,15.27,32.0,2.0,6.447828482953703,2984.5993081529223,0.017777777777777778,7.761666666666672
2025-04-15 15:49:28,10.91,29.0,3.0,6.910197323086926,2991.509505476009,0.024166666666666666,7.785833333333339
2025-04-15 15:49:30,10.83,28.0,2.0,4.573017843509405,2996.0825233195183,0.015555555555555555,7.801388888888894
2025-04-15 15:49:32,9.74,26.0,2.0,4.1127602766188,3000.195283596137,0.014444444444444444,7.815833333333338
2025-04-15 15:49:34,7.47,18.0,2.0,3.1542422244704755,3003.3495258206076,0.01,7.825833333333338
2025-04-15 15:49:37,7.55,11.0,3.0,4.782033894528532,3008.131559715136,0.009166666666666667,7.835000000000004
2025-04-15 15:49:39,18.13,12.0,2.0,7.655476777730886,3015.787036492867,0.006666666666666667,7.841666666666671
2025-04-15 15:49:41,30.02,16.0,2.0,12.67608454867519,3028.4631210415423,0.008888888888888889,7.85055555555556
2025-04-15 15:49:44,26.77,22.0,3.0,16.95563541146077,3045.418756453003,0.018333333333333333,7.868888888888893
2025-04-15 15:49:46,30.11,28.0,2.0,12.714087467042305,3058.132843920045,0.015555555555555555,7.884444444444449
2025-04-15 15:49:48,18.86,32.0,2.0,7.963722671153034,3066.096566591198,0.017777777777777778,7.9022222222222265
2025-04-15 15:49:51,17.47,34.0,3.0,11.065183064558074,3077.161749655756,0.028333333333333332,7.93055555555556
2025-04-15 15:49:53,16.52,35.0,2.0,6.975646793608067,3084.137396449364,0.019444444444444445,7.950000000000005
2025-04-15 15:49:55,15.52,35.0,2.0,6.553392145084575,3090.690788594449,0.019444444444444445,7.969444444444449
2025-04-15 15:49:58,15.11,35.0,3.0,9.570401608784916,3100.2611902032336,0.029166666666666667,7.998611111111116
2025-04-15 15:50:00,14.88,35.0,2.0,6.283149170029542,3106.544339373263,0.019444444444444445,8.018055555555561
2025-04-15 15:50:02,7.02,35.0,2.0,2.9642276326349046,3109.508567005898,0.019444444444444445,8.037500000000005
2025-04-15 15:50:04,6.38,34.0,2.0,2.6939846575798705,3112.2025516634776,0.01888888888888889,8.056388888888893
2025-04-15 15:50:07,6.63,34.0,3.0,4.199322479566115,3116.4018741430436,0.028333333333333332,8.084722222222227
2025-04-15 15:50:09,6.49,34.0,2.0,2.740432668917455,3119.142306811961,0.01888888888888889,8.103611111111116
2025-04-15 15:50:11,6.72,34.0,2.0,2.8375512380778574,3121.979858050039,0.01888888888888889,8.122500000000004
2025-04-15 15:50:14,6.36,35.0,3.0,4.028309346914101,3126.0081673969535,0.029166666666666667,8.15166666666667
2025-04-15 15:50:16,6.3,35.0,2.0,2.6602042856979913,3128.6683716826515,0.019444444444444445,8.171111111111115
2025-04-15 15:50:18,6.44,35.0,2.0,2.71931993649128,3131.387691619143,0.019444444444444445,8.190555555555559
2025-04-15 15:50:21,6.41,35.0,3.0,4.059978445553363,3135.4476700646965,0.029166666666666667,8.219722222222225
2025-04-15 15:50:23,6.72,36.0,2.0,2.8375512380778574,3138.2852213027745,0.02,8.239722222222225
2025-04-15 15:50:25,6.41,36.0,2.0,2.7066522970355753,3140.99187359981,0.02,8.259722222222225
2025-04-15 15:50:27,6.22,36.0,2.0,2.626423913816112,3143.618297513626,0.02,8.279722222222224
2025-04-15 15:50:30,6.52,36.0,3.0,4.129650462559739,3147.747947976186,0.03,8.309722222222224
2025-04-15 15:50:32,6.63,36.0,2.0,2.7995483197107434,3150.5474962958965,0.02,8.329722222222223
2025-04-15 15:50:34,6.66,37.0,2.0,2.812215959166448,3153.3597122550627,0.020555555555555556,8.350277777777778
2025-04-15 15:50:37,6.44,37.0,3.0,4.07897990473692,3157.4386921597998,0.030833333333333334,8.381111111111112
2025-04-15 15:50:39,6.58,37.0,2.0,2.778435587284569,3160.2171277470843,0.020555555555555556,8.401666666666667
2025-04-15 15:50:41,6.69,37.0,2.0,2.824883598622153,3163.0420113457067,0.020555555555555556,8.422222222222222
2025-04-15 15:50:44,6.55,37.0,3.0,4.148651921743296,3167.19066326745,0.030833333333333334,8.453055555555556
2025-04-15 15:50:46,6.61,37.0,2.0,2.791103226740274,3169.98176649419,0.020555555555555556,8.473611111111111
2025-04-15 15:50:48,12.3,37.0,2.0,5.193732176838936,3175.1754986710293,0.020555555555555556,8.494166666666667
2025-04-15 15:50:51,7.74,36.0,3.0,4.902376469357727,3180.0778751403873,0.03,8.524166666666666
2025-04-15 15:50:53,7.11,35.0,2.0,3.002230551002019,3183.0801056913892,0.019444444444444445,8.54361111111111
2025-04-15 15:50:55,6.88,33.0,2.0,2.905111981841616,3185.9852176732306,0.018333333333333333,8.561944444444443
2025-04-15 15:50:57,8.13,30.0,2.0,3.4329302924959797,3189.418147965727,0.016666666666666666,8.57861111111111
2025-04-15 15:51:00,13.41,30.0,3.0,8.493652255050016,3197.911800220777,0.025,8.60361111111111
2025-04-15 15:51:02,12.72,29.0,2.0,5.371079129218802,3203.2828793499957,0.01611111111111111,8.619722222222222
2025-04-15 15:51:04,12.52,28.0,2.0,5.286628199514103,3208.56950754951,0.015555555555555555,8.635277777777778
2025-04-15 15:51:07,11.86,27.0,3.0,7.511910197232899,3216.0814177467428,0.0225,8.65777777777778
2025-04-15 15:51:09,12.3,26.0,2.0,5.193732176838936,3221.275149923582,0.014444444444444444,8.672222222222224
2025-04-15 15:51:11,15.36,26.0,2.0,6.485831401320817,3227.760981324903,0.014444444444444444,8.68666666666667
2025-04-15 15:51:14,21.63,27.0,3.0,13.700052071344654,3241.4610333962473,0.0225,8.70916666666667
2025-04-15 15:51:16,22.63,29.0,2.0,9.555622696086594,3251.016656092334,0.01611111111111111,8.725277777777782
2025-04-15 15:51:18,24.91,32.0,2.0,10.518363294720153,3261.535019387054,0.017777777777777778,8.743055555555559
2025-04-15 15:51:21,22.33,33.0,3.0,14.143419452294319,3275.6784388393485,0.0275,8.770555555555559
2025-04-15 15:51:23,17.33,32.0,2.0,7.317673058912093,3282.9961118982606,0.017777777777777778,8.788333333333336
2025-04-15 15:51:25,17.52,32.0,2.0,7.397901442131557,3290.394013340392,0.017777777777777778,8.806111111111113
2025-04-15 15:51:27,16.63,31.0,2.0,7.02209480494565,3297.4161081453376,0.017222222222222222,8.823333333333334
2025-04-15 15:51:30,17.77,31.0,3.0,11.255197656393644,3308.6713058017313,0.025833333333333333,8.849166666666667
2025-04-15 15:51:32,19.58,31.0,2.0,8.267746018089948,3316.939051819821,0.017222222222222222,8.866388888888888
2025-04-15 15:51:34,17.33,33.0,2.0,7.317673058912093,3324.256724878733,0.018333333333333333,8.884722222222221
2025-04-15 15:51:37,16.02,32.0,3.0,10.14677920401948,3334.4035040827525,0.02666666666666667,8.911388888888888
2025-04-15 15:51:39,15.33,32.0,2.0,6.473163761865113,3340.8766678446177,0.017777777777777778,8.929166666666665
2025-04-15 15:51:41,16.3,33.0,2.0,6.8827507709328986,3347.7594186155507,0.018333333333333333,8.947499999999998
2025-04-15 15:51:44,25.02,33.0,3.0,15.847216959086607,3363.606635574637,0.0275,8.974999999999998
2025-04-15 15:51:46,12.55,32.0,2.0,5.299295838969809,3368.905931413607,0.017777777777777778,8.992777777777775
2025-04-15 15:51:48,14.33,32.0,2.0,6.050909113341622,3374.956840526949,0.017777777777777778,9.010555555555552
2025-04-15 15:51:51,14.91,32.0,3.0,9.44372521422787,3384.4005657411767,0.02666666666666667,9.03722222222222
2025-04-15 15:51:53,15.3,33.0,2.0,6.460496122409408,3390.861061863586,0.018333333333333333,9.055555555555552
2025-04-15 15:51:55,21.58,34.0,2.0,9.11225531513693,3399.973317178723,0.01888888888888889,9.07444444444444
2025-04-15 15:51:57,7.02,34.0,2.0,2.9642276326349046,3402.937544811358,0.01888888888888889,9.093333333333328
2025-04-15 15:52:00,6.83,33.0,3.0,4.325998874123162,3407.263543685481,0.0275,9.120833333333328
2025-04-15 15:52:02,6.58,33.0,2.0,2.778435587284569,3410.0419792727657,0.018333333333333333,9.13916666666666
2025-04-15 15:52:04,6.61,32.0,2.0,2.791103226740274,3412.833082499506,0.017777777777777778,9.156944444444438
2025-04-15 15:52:07,6.63,32.0,3.0,4.199322479566115,3417.032404979072,0.02666666666666667,9.183611111111105
2025-04-15 15:52:09,6.74,31.0,2.0,2.8459963310483274,3419.8784013101204,0.017222222222222222,9.200833333333327
2025-04-15 15:52:11,6.72,31.0,2.0,2.8375512380778574,3422.7159525481984,0.017222222222222222,9.218055555555548
2025-04-15 15:52:14,13.58,32.0,3.0,8.601327190423506,3431.317279738622,0.02666666666666667,9.244722222222215
2025-04-15 15:52:16,15.61,33.0,2.0,6.59139506345169,3437.9086748020736,0.018333333333333333,9.263055555555548
2025-04-15 15:52:18,14.66,34.0,2.0,6.190253147354373,3444.098927949428,0.01888888888888889,9.281944444444436
2025-04-15 15:52:20,15.63,32.0,2.0,6.59984015642216,3450.69876810585,0.017777777777777778,9.299722222222213
2025-04-15 15:52:23,12.91,31.0,3.0,8.176961268657397,3458.8757293745075,0.025833333333333333,9.325555555555546
2025-04-15 15:52:25,11.88,30.0,2.0,5.01638522445907,3463.8921145989666,0.016666666666666666,9.342222222222214
2025-04-15 15:52:27,11.19,29.0,2.0,4.725029516977861,3468.6171441159445,0.01611111111111111,9.358333333333325
2025-04-15 15:52:30,9.69,26.0,3.0,6.137471316288936,3474.7546154322335,0.021666666666666667,9.379999999999992
2025-04-15 15:52:32,7.16,20.0,2.0,3.0233432834281935,3477.777958715662,0.011111111111111112,9.391111111111103
2025-04-15 15:52:34,6.66,14.0,2.0,2.812215959166448,3480.590174674828,0.0077777777777777776,9.39888888888888
2025-04-15 15:52:37,18.99,11.0,3.0,12.027923663191633,3492.61809833802,0.009166666666666667,9.408055555555547
2025-04-15 15:52:39,28.94,15.0,2.0,12.220049528269822,3504.83814786629,0.008333333333333333,9.41638888888888
2025-04-15 15:52:41,28.44,22.0,2.0,12.008922204008076,3516.8470700702983,0.012222222222222223,9.428611111111103
2025-04-15 15:52:44,28.63,27.0,3.0,18.133725880841308,3534.9807959511395,0.0225,9.451111111111103
2025-04-15 15:52:46,22.83,32.0,2.0,9.640073625791292,3544.620869576931,0.017777777777777778,9.46888888888888
2025-04-15 15:52:48,26.99,35.0,2.0,11.396652963649014,3556.01752254058,0.019444444444444445,9.488333333333324
2025-04-15 15:52:50,26.41,38.0,2.0,11.15174526750539,3567.1692678080854,0.021111111111111112,9.509444444444435
2025-04-15 15:52:53,18.58,38.0,3.0,11.768237054349685,3578.937504862435,0.03166666666666667,9.541111111111102
2025-04-15 15:52:55,19.36,37.0,2.0,8.17484999541478,3587.11235485785,0.020555555555555556,9.561666666666657
2025-04-15 15:52:57,18.86,36.0,2.0,7.963722671153034,3595.0760775290028,0.02,9.581666666666656
2025-04-15 15:53:00,19.22,36.0,3.0,12.173601516932235,3607.249679045935,0.03,9.611666666666656
2025-04-15 15:53:02,14.33,34.0,2.0,6.050909113341622,3613.3005881592767,0.01888888888888889,9.630555555555544
2025-04-15 15:53:04,14.61,32.0,2.0,6.169140414928199,3619.469728574205,0.017777777777777778,9.648333333333321
2025-04-15 15:53:07,15.61,31.0,3.0,9.887092595177535,3629.3568211693823,0.025833333333333333,9.674166666666654
2025-04-15 15:53:09,16.05,31.0,2.0,6.777187108802026,3636.1340082781844,0.017222222222222222,9.691388888888875
2025-04-15 15:53:11,16.83,31.0,2.0,7.106545734650348,3643.2405540128348,0.017222222222222222,9.708611111111097
2025-04-15 15:53:13,15.66,29.0,2.0,6.612507795877865,3649.8530618087125,0.01611111111111111,9.724722222222209
2025-04-15 15:53:16,15.91,29.0,3.0,10.077107187013105,3659.9301689957256,0.024166666666666666,9.748888888888875
2025-04-15 15:53:18,17.41,30.0,2.0,7.351453430793973,3667.2816224265193,0.016666666666666666,9.765555555555542
2025-04-15 15:53:20,17.44,30.0,2.0,7.364121070249679,3674.6457434967692,0.016666666666666666,9.78222222222221
2025-04-15 15:53:23,18.72,32.0,3.0,11.856910530539619,3686.502654027309,0.02666666666666667,9.808888888888877
2025-04-15 15:53:25,17.13,33.0,2.0,7.2332221292073955,3693.735876156516,0.018333333333333333,9.82722222222221
2025-04-15 15:53:27,16.49,33.0,2.0,6.962979154152361,3700.6988553106685,0.018333333333333333,9.845555555555542
2025-04-15 15:53:30,17.05,34.0,3.0,10.799162635988276,3711.4980179466565,0.028333333333333332,9.873888888888876
2025-04-15 15:53:32,17.22,35.0,2.0,7.271225047574509,3718.7692429942313,0.019444444444444445,9.89333333333332
2025-04-15 15:53:34,17.86,36.0,2.0,7.541468022629544,3726.3107110168608,0.02,9.91333333333332
2025-04-15 15:53:36,17.3,36.0,2.0,7.305005419456389,3733.615716436317,0.02,9.93333333333332
2025-04-15 15:53:39,15.47,35.0,3.0,9.798419118987603,3743.4141355553047,0.029166666666666667,9.962499999999986
2025-04-15 15:53:41,25.66,33.0,2.0,10.835054281112772,3754.2491898364174,0.018333333333333333,9.980833333333319
2025-04-15 15:53:43,13.41,32.0,2.0,5.662434836700011,3759.9116246731173,0.017777777777777778,9.998611111111096
2025-04-15 15:53:46,12.91,32.0,3.0,8.176961268657397,3768.088585941775,0.02666666666666667,10.025277777777763
2025-04-15 15:53:48,12.8,32.0,2.0,5.404859501100681,3773.493445442876,0.017777777777777778,10.04305555555554
2025-04-15 15:53:50,13.41,32.0,2.0,5.662434836700011,3779.1558802795757,0.017777777777777778,10.060833333333317
2025-04-15 15:53:53,13.36,32.0,3.0,8.461983156410753,3787.6178634359867,0.02666666666666667,10.087499999999984
2025-04-15 15:53:55,12.86,32.0,2.0,5.430194780012091,3793.048058215999,0.017777777777777778,10.105277777777761
2025-04-15 15:53:57,13.13,32.0,2.0,5.544203535113433,3798.5922617511123,0.017777777777777778,10.123055555555538
2025-04-15 15:53:59,14.72,32.0,2.0,6.215588426265784,3804.807850177378,0.017777777777777778,10.140833333333315
2025-04-15 15:54:02,14.36,32.0,3.0,9.09536512919599,3813.903215306574,0.02666666666666667,10.167499999999983
2025-04-15 15:54:04,16.24,32.0,2.0,6.857415492021488,3820.7606307985957,0.017777777777777778,10.18527777777776
2025-04-15 15:54:06,16.13,32.0,2.0,6.810967480683905,3827.5715982792794,0.017777777777777778,10.203055555555537
2025-04-15 15:54:09,15.77,33.0,3.0,9.988433710823172,3837.5600319901027,0.0275,10.230555555555537
2025-04-15 15:54:11,15.99,33.0,2.0,6.751851829890616,3844.3118838199935,0.018333333333333333,10.24888888888887
2025-04-15 15:54:13,16.05,32.0,2.0,6.777187108802026,3851.0890709287955,0.017777777777777778,10.266666666666646
2025-04-15 15:54:15,16.05,32.0,2.0,6.777187108802026,3857.8662580375976,0.017777777777777778,10.284444444444423
2025-04-15 15:54:18,16.41,31.0,3.0,10.393798173405724,3868.2600562110033,0.025833333333333333,10.310277777777756
2025-04-15 15:54:20,16.47,30.0,2.0,6.954534061181891,3875.214590272185,0.016666666666666666,10.326944444444424
2025-04-15 15:54:22,19.63,29.0,2.0,8.288858750516122,3883.5034490227013,0.01611111111111111,10.343055555555535
2025-04-15 15:54:25,26.69,30.0,3.0,16.904964853637953,3900.408413876339,0.025,10.368055555555536
2025-04-15 15:54:27,27.72,32.0,2.0,11.704898857071163,3912.1133127334106,0.017777777777777778,10.385833333333313
2025-04-15 15:54:29,23.66,34.0,2.0,9.99054498406579,3922.1038577174763,0.01888888888888889,10.404722222222201
2025-04-15 15:54:32,21.22,33.0,3.0,13.440365462502708,3935.544223179979,0.0275,10.432222222222201
2025-04-15 15:54:34,19.97,32.0,2.0,8.432425331014109,3943.976648510993,0.017777777777777778,10.449999999999978
2025-04-15 15:54:36,20.52,31.0,2.0,8.66466538770203,3952.641313898695,0.017222222222222222,10.4672222222222
2025-04-15 15:54:38,20.33,31.0,2.0,8.584437004482565,3961.2257509031774,0.017222222222222222,10.48444444444442
2025-04-15 15:54:41,19.52,30.0,3.0,12.363616108767808,3973.5893670119453,0.025,10.509444444444421
2025-04-15 15:54:43,20.44,30.0,2.0,8.63088501582015,3982.2202520277656,0.016666666666666666,10.526111111111089
2025-04-15 15:54:45,21.88,30.0,2.0,9.238931709693976,3991.4591837374596,0.016666666666666666,10.542777777777756
2025-04-15 15:54:48,21.47,30.0,3.0,13.598710955699016,4005.0578946931587,0.025,10.567777777777756
2025-04-15 15:54:50,22.33,31.0,2.0,9.428946301529546,4014.486840994688,0.017222222222222222,10.584999999999978
2025-04-15 15:54:52,20.72,31.0,2.0,8.749116317406727,4023.235957312095,0.017222222222222222,10.6022222222222
2025-04-15 15:54:55,23.86,32.0,3.0,15.112493870655733,4038.3484511827505,0.02666666666666667,10.628888888888866
2025-04-15 15:54:57,22.94,32.0,2.0,9.686521637128877,4048.0349728198794,0.017777777777777778,10.646666666666643
2025-04-15 15:54:59,23.52,32.0,2.0,9.9314293332725,4057.966402153152,0.017777777777777778,10.66444444444442
2025-04-15 15:55:01,23.08,33.0,2.0,9.745637287922165,4067.7120394410745,0.018333333333333333,10.682777777777753
2025-04-15 15:55:04,23.47,33.0,3.0,14.86547490126949,4082.577514342344,0.0275,10.710277777777753
2025-04-15 15:55:06,23.33,33.0,2.0,9.851200950053038,4092.428715292397,0.018333333333333333,10.728611111111086
2025-04-15 15:55:08,23.11,34.0,2.0,9.75830492737787,4102.187020219775,0.01888888888888889,10.747499999999974
2025-04-15 15:55:11,23.11,35.0,3.0,14.637457391066803,4116.824477610842,0.029166666666666667,10.77666666666664
2025-04-15 15:55:13,18.94,35.0,2.0,7.997503043034914,4124.821980653877,0.019444444444444445,10.796111111111085
2025-04-15 15:55:15,13.24,31.0,2.0,5.590651546451017,4130.4126322003285,0.017222222222222222,10.813333333333306
2025-04-15 15:55:17,14.05,28.0,2.0,5.9326778117550445,4136.345310012083,0.015555555555555555,10.828888888888862
2025-04-15 15:55:20,15.08,28.0,3.0,9.55140014960136,4145.8967101616845,0.023333333333333334,10.852222222222196
2025-04-15 15:55:22,13.44,28.0,2.0,5.675102476155715,4151.571812637841,0.015555555555555555,10.867777777777752
2025-04-15 15:55:24,13.63,28.0,2.0,5.755330859375179,4157.327143497216,0.015555555555555555,10.883333333333308
2025-04-15 15:55:27,13.47,28.0,3.0,8.53165517341713,4165.8587986706325,0.023333333333333334,10.906666666666641
2025-04-15 15:55:29,14.74,29.0,2.0,6.2240335192362535,4172.082832189869,0.01611111111111111,10.922777777777753
2025-04-15 15:55:31,6.88,28.0,2.0,2.905111981841616,4174.98794417171,0.015555555555555555,10.93833333333331
2025-04-15 15:55:33,7.49,26.0,2.0,3.1626873174409456,4178.150631489151,0.014444444444444444,10.952777777777754
2025-04-15 15:55:36,7.44,19.0,3.0,4.712361877522157,4182.862993366673,0.015833333333333335,10.968611111111088
2025-04-15 15:55:38,7.74,11.0,2.0,3.268250979571818,4186.131244346246,0.006111111111111111,10.974722222222198
2025-04-15 15:55:40,7.58,9.0,2.0,3.2006902358080596,4189.331934582054,0.005,10.979722222222199
2025-04-15 15:55:43,19.41,11.0,3.0,12.293944091761432,4201.625878673815,0.009166666666666667,10.988888888888866
2025-04-15 15:55:45,29.02,16.0,2.0,12.2538299001517,4213.879708573967,0.008888888888888889,10.997777777777754
2025-04-15 15:55:47,27.44,23.0,2.0,11.586667555484585,4225.466376129451,0.012777777777777779,11.010555555555532
2025-04-15 15:55:50,22.47,28.0,3.0,14.232092928484253,4239.698469057936,0.023333333333333334,11.033888888888866
2025-04-15 15:55:52,25.77,34.0,2.0,10.881502292450355,4250.579971350386,0.01888888888888889,11.052777777777754
2025-04-15 15:55:54,17.83,35.0,2.0,7.528800383173839,4258.1087717335595,0.019444444444444445,11.072222222222198
2025-04-15 15:55:56,13.77,32.0,2.0,5.814446510168467,4263.923218243728,0.017777777777777778,11.089999999999975
2025-04-15 15:55:59,13.97,30.0,3.0,8.848346159809747,4272.771564403538,0.025,11.114999999999975
2025-04-15 15:56:01,15.11,30.0,2.0,6.380267739189945,4279.1518321427275,0.016666666666666666,11.131666666666643
2025-04-15 15:56:03,15.3,30.0,2.0,6.460496122409408,4285.612328265137,0.016666666666666666,11.14833333333331
2025-04-15 15:56:06,16.24,31.0,3.0,10.286123238032232,4295.898451503169,0.025833333333333333,11.174166666666643
2025-04-15 15:56:08,16.86,33.0,2.0,7.119213374106053,4303.017664877275,0.018333333333333333,11.192499999999976
2025-04-15 15:56:10,15.52,34.0,2.0,6.553392145084575,4309.571057022359,0.01888888888888889,11.211388888888864
2025-04-15 15:56:12,26.27,34.0,2.0,11.0926296167121,4320.663686639071,0.01888888888888889,11.230277777777752
2025-04-15 15:56:15,26.69,34.0,3.0,16.904964853637953,4337.568651492709,0.028333333333333332,11.258611111111087
2025-04-15 15:56:17,26.11,34.0,2.0,11.025068872948342,4348.593720365658,0.01888888888888889,11.277499999999975
2025-04-15 15:56:19,26.69,34.0,2.0,11.269976569091968,4359.86369693475,0.01888888888888889,11.296388888888863
2025-04-15 15:56:22,26.69,34.0,3.0,16.904964853637953,4376.768661788388,0.028333333333333332,11.324722222222197
2025-04-15 15:56:24,26.38,34.0,2.0,11.139077628049684,4387.907739416438,0.01888888888888889,11.343611111111086
2025-04-15 15:56:26,25.74,34.0,2.0,10.86883465299465,4398.776574069432,0.01888888888888889,11.362499999999974
2025-04-15 15:56:28,26.19,34.0,2.0,11.058849244830222,4409.835423314263,0.01888888888888889,11.381388888888862
2025-04-15 15:56:31,14.99,34.0,3.0,9.494395772050687,4419.329819086313,0.028333333333333332,11.409722222222197
2025-04-15 15:56:33,26.86,34.0,2.0,11.34175985934096,4430.671578945654,0.01888888888888889,11.428611111111085
2025-04-15 15:56:35,27.02,35.0,2.0,11.40932060310472,4442.080899548759,0.019444444444444445,11.448055555555529
2025-04-15 15:56:38,27.24,35.0,3.0,17.253324938669827,4459.334224487428,0.029166666666666667,11.477222222222196
2025-04-15 15:56:40,27.38,35.0,2.0,11.561332276573175,4470.895556764001,0.019444444444444445,11.49666666666664
2025-04-15 15:56:42,27.74,35.0,2.0,11.713343950041631,4482.608900714043,0.019444444444444445,11.516111111111083
2025-04-15 15:56:44,28.02,36.0,2.0,11.831575251628209,4494.440475965671,0.02,11.536111111111083
2025-04-15 15:56:47,28.08,36.0,3.0,17.785365795809426,4512.22584176148,0.03,11.566111111111082
2025-04-15 15:56:49,27.99,36.0,2.0,11.818907612172504,4524.044749373653,0.02,11.586111111111082
2025-04-15 15:56:51,28.8,36.0,2.0,12.160933877476532,4536.20568325113,0.02,11.606111111111082
2025-04-15 15:56:54,28.66,36.0,3.0,18.152727340024867,4554.358410591155,0.03,11.63611111111108
2025-04-15 15:56:56,26.88,35.0,2.0,11.35020495231143,4565.708615543466,0.019444444444444445,11.655555555555525
2025-04-15 15:56:58,26.44,34.0,2.0,11.164412906961095,4576.873028450427,0.01888888888888889,11.674444444444413
2025-04-15 15:57:01,13.74,32.0,3.0,8.702668306069143,4585.575696756497,0.02666666666666667,11.70111111111108
2025-04-15 15:57:03,11.72,30.0,2.0,4.948824480695311,4590.524521237192,0.016666666666666666,11.717777777777748
2025-04-15 15:57:05,12.77,27.0,2.0,5.392191861644976,4595.916713098837,0.015,11.732777777777748
2025-04-15 15:57:07,13.99,27.0,2.0,5.907342532843635,4601.8240556316805,0.015,11.747777777777749
2025-04-15 15:57:10,14.22,27.0,3.0,9.006691653006058,4610.830747284686,0.0225,11.77027777777775
2025-04-15 15:57:12,18.44,28.0,2.0,7.7863757187731695,4618.61712300346,0.015555555555555555,11.785833333333306
2025-04-15 15:57:14,18.41,30.0,2.0,7.773708079317464,4626.390831082777,0.016666666666666666,11.802499999999974
2025-04-15 15:57:16,19.3,31.0,2.0,8.14951471650337,4634.540345799281,0.017222222222222222,11.819722222222195
2025-04-15 15:57:19,19.47,31.0,3.0,12.331947010128545,4646.872292809409,0.025833333333333333,11.845555555555528
2025-04-15 15:57:21,19.19,31.0,2.0,8.103066705165787,4654.975359514575,0.017222222222222222,11.86277777777775
2025-04-15 15:57:23,19.27,30.0,2.0,8.136847077047666,4663.112206591622,0.016666666666666666,11.879444444444417
2025-04-15 15:57:26,18.86,30.0,3.0,11.94558400672955,4675.057790598352,0.025,11.904444444444417
2025-04-15 15:57:28,18.94,30.0,2.0,7.997503043034914,4683.055293641387,0.016666666666666666,11.921111111111085
2025-04-15 15:57:30,18.94,30.0,2.0,7.997503043034914,4691.052796684422,0.016666666666666666,11.937777777777752
2025-04-15 15:57:32,19.22,30.0,2.0,8.11573434462149,4699.168531029043,0.016666666666666666,11.95444444444442
2025-04-15 15:57:35,19.72,30.0,3.0,12.490292503324854,4711.658823532368,0.025,11.97944444444442
2025-04-15 15:57:37,18.61,31.0,2.0,7.858159009022161,4719.5169825413905,0.017222222222222222,11.996666666666641
2025-04-15 15:57:39,15.69,31.0,2.0,6.625175435333569,4726.142157976724,0.017222222222222222,12.013888888888863
2025-04-15 15:57:42,15.16,30.0,3.0,9.60207070742418,4735.744228684148,0.025,12.038888888888863
2025-04-15 15:57:44,15.27,30.0,2.0,6.447828482953703,4742.192057167102,0.016666666666666666,12.05555555555553
2025-04-15 15:57:46,16.16,31.0,2.0,6.82363512013961,4749.015692287241,0.017222222222222222,12.072777777777752
2025-04-15 15:57:48,16.58,32.0,2.0,7.000982072519475,4756.01667435976,0.017777777777777778,12.090555555555529
2025-04-15 15:57:51,17.47,33.0,3.0,11.065183064558074,4767.0818574243185,0.0275,12.118055555555529
2025-04-15 15:57:53,18.66,35.0,2.0,7.879271741448337,4774.961129165767,0.019444444444444445,12.137499999999973
2025-04-15 15:57:55,19.13,37.0,2.0,8.077731426254378,4783.038860592021,0.020555555555555556,12.158055555555528
2025-04-15 15:57:58,17.02,38.0,3.0,10.780161176804718,4793.819021768825,0.03166666666666667,12.189722222222194
2025-04-15 15:58:00,28.38,37.0,2.0,11.983586925096667,4805.802608693922,0.020555555555555556,12.21027777777775
2025-04-15 15:58:02,27.47,35.0,2.0,11.59933519494029,4817.401943888862,0.019444444444444445,12.229722222222193
2025-04-15 15:58:04,26.86,34.0,2.0,11.34175985934096,4828.743703748202,0.01888888888888889,12.248611111111082
2025-04-15 15:58:07,25.83,33.0,3.0,16.360256357042648,4845.103960105245,0.0275,12.276111111111081
2025-04-15 15:58:09,13.97,32.0,2.0,5.898897439873165,4851.002857545119,0.017777777777777778,12.293888888888858
2025-04-15 15:58:11,13.16,32.0,2.0,5.556871174569138,4856.559728719688,0.017777777777777778,12.311666666666635
2025-04-15 15:58:14,11.91,31.0,3.0,7.543579295872162,4864.10330801556,0.025833333333333333,12.337499999999968
2025-04-15 15:58:16,16.77,31.0,2.0,7.081210455738939,4871.184518471299,0.017222222222222222,12.35472222222219
2025-04-15 15:58:18,16.36,33.0,2.0,6.908086049844307,4878.092604521144,0.018333333333333333,12.373055555555522
2025-04-15 15:58:20,16.16,35.0,2.0,6.82363512013961,4884.916239641283,0.019444444444444445,12.392499999999966
2025-04-15 15:58:23,15.61,34.0,3.0,9.887092595177535,4894.803332236461,0.028333333333333332,12.4208333333333
2025-04-15 15:58:25,25.94,33.0,2.0,10.95328558269935,4905.75661781916,0.018333333333333333,12.439166666666633
2025-04-15 15:58:27,17.27,33.0,2.0,7.292337780000684,4913.048955599161,0.018333333333333333,12.457499999999966
2025-04-15 15:58:30,13.24,32.0,3.0,8.385977319676526,4921.434932918837,0.02666666666666667,12.484166666666633
2025-04-15 15:58:32,11.99,30.0,2.0,5.062833235796654,4926.497766154634,0.016666666666666666,12.5008333333333
2025-04-15 15:58:34,11.22,28.0,2.0,4.737697156433566,4931.235463311067,0.015555555555555555,12.516388888888857
2025-04-15 15:58:36,7.52,21.0,2.0,3.17535495689665,4934.410818267964,0.011666666666666667,12.528055555555524
2025-04-15 15:58:39,7.16,18.0,3.0,4.53501492514229,4938.945833193106,0.015,12.543055555555524
2025-04-15 15:58:41,7.19,22.0,2.0,3.0360109228838983,4941.9818441159905,0.012222222222222223,12.555277777777746
2025-04-15 15:58:43,6.97,24.0,2.0,2.9431149002087302,4944.924959016199,0.013333333333333334,12.56861111111108
2025-04-15 15:58:46,7.24,22.0,3.0,4.5856854829651095,4949.510644499164,0.018333333333333333,12.586944444444413
2025-04-15 15:58:48,6.61,17.0,2.0,2.791103226740274,4952.3017477259045,0.009444444444444445,12.596388888888857
