timestamp,SPEED(km/h),MAF(g/s),CO2(g),CO2 stack(g),PPM/sec
2025-07-22 12:34:16,0,12.11,0,0,0
2025-07-22 12:34:17,0,11.99,2.7352,2.74,16105.35
2025-07-22 12:34:18,0,11.72,2.6844,5.42,15742.68
2025-07-22 12:34:19,0,11.8,2.692,8.11,15850.14
2025-07-22 12:34:20,0,11.41,2.6011,10.71,15326.28
2025-07-22 12:34:21,0,12.05,2.7469,13.46,16185.95
2025-07-22 12:34:22,0,11.8,2.6901,16.15,15850.14
2025-07-22 12:34:23,0,11.8,2.6916,18.84,15850.14
2025-07-22 12:34:24,0,12.08,2.7544,21.6,16226.25
2025-07-22 12:34:25,0,11.94,2.723,24.32,16038.19
2025-07-22 12:34:26,0,11.97,2.7286,27.05,16078.49
2025-07-22 12:34:27,0,11.83,2.6993,29.75,15890.44
2025-07-22 12:34:29,0,11.91,2.7445,32.49,15997.9
2025-07-22 12:34:30,0,11.91,2.7148,35.21,15997.9
2025-07-22 12:34:31,0,11.74,2.6783,37.88,15769.55
2025-07-22 12:34:32,0,11.63,2.6512,40.54,15621.79
2025-07-22 12:34:33,0,12.08,2.755,43.29,16226.25
2025-07-22 12:34:34,0,12.13,2.7652,46.06,16293.41
2025-07-22 12:34:35,0,12.02,2.7397,48.8,16145.65
2025-07-22 12:34:36,0,12.05,2.7479,51.54,16185.95
2025-07-22 12:34:37,0,12.02,2.7409,54.28,16145.65
2025-07-22 12:34:38,0,12.16,2.773,57.06,16333.7
2025-07-22 12:34:39,0,12.08,2.7399,59.8,16226.25
2025-07-22 12:34:40,0,12.11,2.7758,62.57,16266.54
2025-07-22 12:34:42,0,11.77,2.6697,65.24,15809.84
2025-07-22 12:34:43,0,12.33,2.8109,68.05,16562.05
2025-07-22 12:34:44,0,11.99,2.7492,70.8,16105.35
2025-07-22 12:34:45,0,11.63,2.6361,73.44,15621.79
2025-07-22 12:34:46,0,11.97,2.7304,76.17,16078.49
2025-07-22 12:34:47,0,11.83,2.7271,78.9,15890.44
2025-07-22 12:34:48,0,12.13,2.7661,81.66,16293.41
2025-07-22 12:34:49,0,12.05,2.7491,84.41,16185.95
2025-07-22 12:34:50,0,12.13,2.7642,87.18,16293.41
2025-07-22 12:34:51,0,12.19,2.7799,89.96,16374
2025-07-22 12:34:52,0,12.05,2.7482,92.7,16185.95
2025-07-22 12:34:53,0,11.91,2.7156,95.42,15997.9
2025-07-22 12:34:54,0,12.08,2.7553,98.17,16226.25
2025-07-22 12:34:56,0,11.63,2.6505,100.83,15621.79
2025-07-22 12:34:57,0,11.88,2.7387,103.56,15957.6
2025-07-22 12:34:58,0,11.41,2.6024,106.17,15326.28
2025-07-22 12:34:59,0,12.19,2.7792,108.95,16374
2025-07-22 12:35:00,0,11.58,2.6422,111.59,15554.63
2025-07-22 12:35:01,0,11.61,2.6461,114.23,15594.93
2025-07-22 12:35:02,0,11.94,2.7226,116.96,16038.19
2025-07-22 12:35:03,0,11.94,2.7226,119.68,16038.19
2025-07-22 12:35:04,0,12.22,2.8011,122.48,16414.3
2025-07-22 12:35:05,0,11.99,2.734,125.21,16105.35
2025-07-22 12:35:06,0,11.86,2.7047,127.92,15930.73
2025-07-22 12:35:07,0,11.36,2.5899,130.51,15259.12
2025-07-22 12:35:09,0,12.05,2.7478,133.26,16185.95
2025-07-22 12:35:10,0,12.05,2.7472,136,16185.95
2025-07-22 12:35:11,0,12.02,2.7421,138.75,16145.65
2025-07-22 12:35:12,0,11.91,2.7156,141.46,15997.9
2025-07-22 12:35:13,0,11.91,2.7152,144.18,15997.9
2025-07-22 12:35:14,0,12.13,2.7667,146.94,16293.41
2025-07-22 12:35:15,0,11.94,2.7215,149.67,16038.19
2025-07-22 12:35:16,0,11.94,2.7227,152.39,16038.19
2025-07-22 12:35:35,0,11.66,0,0,0
2025-07-22 12:35:36,0,11.97,2.7546,2.75,18375.42
2025-07-22 12:35:37,0,12.19,2.7935,5.55,18713.14
2025-07-22 12:35:38,0,11.72,2.6729,8.22,17991.64
2025-07-22 12:35:39,0,11.77,2.6844,10.91,18068.39
2025-07-22 12:35:41,0,11.83,2.6967,13.6,18160.5
2025-07-22 12:35:42,0,11.55,2.6344,16.24,17730.67
2025-07-22 12:35:43,0,11.58,2.6402,18.88,17776.72
2025-07-22 12:35:44,0,12.05,2.7471,21.62,18498.23
2025-07-22 12:35:45,0,11.88,2.7108,24.33,18237.26
2025-07-22 12:35:46,0,11.91,2.7142,27.05,18283.31
2025-07-22 12:35:47,0,11.94,2.7225,29.77,18329.36
2025-07-22 12:35:48,0,11.83,2.6965,32.47,18160.5
2025-07-22 12:35:49,0,11.91,2.7165,35.18,18283.31
2025-07-22 12:35:50,0,11.83,2.6967,37.88,18160.5
2025-07-22 12:35:51,0,11.74,2.6776,40.56,18022.34
2025-07-22 12:35:52,0,11.63,2.6518,43.21,17853.48
2025-07-22 12:35:53,0,11.72,2.6717,45.88,17991.64
2025-07-22 12:35:55,0,12.19,2.7798,48.66,18713.14
2025-07-22 12:35:56,0,11.97,2.7306,51.39,18375.42
2025-07-22 12:35:57,0,11.97,2.7593,54.15,18375.42
2025-07-22 12:35:58,0,11.86,2.7034,56.86,18206.55
2025-07-22 12:35:59,0,12.11,2.7614,59.62,18590.33
2025-07-22 12:36:00,0,11.97,2.7295,62.35,18375.42
2025-07-22 12:36:01,0,10.97,2.5019,64.85,16840.29
2025-07-22 12:36:02,0,12.24,2.7906,67.64,18789.9
2025-07-22 12:36:03,0,11.8,2.6902,70.33,18114.45
2025-07-22 12:36:04,0,11.77,2.6696,73,18068.39
2025-07-22 12:36:05,0,12.11,2.777,75.78,18590.33
2025-07-22 12:36:06,0,11.97,2.7148,78.49,18375.42
2025-07-22 12:36:08,0,12.05,2.7458,81.24,18498.23
2025-07-22 12:36:09,0,11.99,2.7351,83.97,18406.12
2025-07-22 12:36:10,0,11.86,2.7044,86.68,18206.55
2025-07-22 12:36:11,0,12.02,2.7405,89.42,18452.17
2025-07-22 12:36:12,0,12.08,2.7546,92.17,18544.28
2025-07-22 12:36:26,0,12.11,0,0,0
2025-07-22 12:36:27,0,11.66,2.655,2.66,18701
2025-07-22 12:36:28,0,11.83,2.6942,5.35,18973.66
2025-07-22 12:36:29,0,12.13,2.767,8.12,19454.81
2025-07-22 12:36:30,0,12.08,2.7543,10.87,19374.62
2025-07-22 12:36:31,0,11.97,2.7317,13.6,19198.2
2025-07-22 12:36:32,0,12.16,2.7698,16.37,19502.93
2025-07-22 12:36:34,0,11.61,2.6472,19.02,18620.81
2025-07-22 12:36:35,0,11.88,2.7101,21.73,19053.85
2025-07-22 12:36:36,0,11.97,2.7307,24.46,19198.2
2025-07-22 12:36:37,0,12.13,2.7632,27.22,19454.81
2025-07-22 12:36:38,0,12.05,2.7486,29.97,19326.51
2025-07-22 12:36:39,0,11.83,2.702,32.67,18973.66
2025-07-22 12:36:40,0,11.91,2.7119,35.39,19101.97
2025-07-22 12:36:41,0,11.97,2.7292,38.11,19198.2
2025-07-22 12:36:42,0,11.99,2.7335,40.85,19230.27
2025-07-22 12:36:43,0,11.83,2.6967,43.55,18973.66
2025-07-22 12:36:44,0,11.61,2.648,46.19,18620.81
2025-07-22 12:36:45,0,11.94,2.7226,48.92,19150.08
2025-07-22 12:36:46,0,11.83,2.6971,51.61,18973.66
2025-07-22 12:36:48,0,11.49,2.6199,54.23,18428.34
2025-07-22 12:36:49,0,11.83,2.697,56.93,18973.66
2025-07-22 12:36:50,0,12.16,2.7737,59.7,19502.93
2025-07-22 12:36:51,0,11.94,2.7228,62.43,19150.08
2025-07-22 12:36:52,0,12.02,2.7416,65.17,19278.39
2025-07-22 12:36:53,0,11.83,2.6963,67.86,18973.66
2025-07-22 12:36:54,0,11.63,2.6527,70.52,18652.88
2025-07-22 12:36:55,0,12.11,2.769,73.29,19422.74
2025-07-22 12:36:56,0,11.97,2.7214,76.01,19198.2
2025-07-22 12:36:57,0,11.66,2.6574,78.66,18701
2025-07-22 12:36:58,0,11.61,2.648,81.31,18620.81
2025-07-22 12:36:59,0,11.86,2.704,84.02,19021.77
2025-07-22 12:37:01,0,12.19,2.7793,86.8,19551.05
2025-07-22 12:37:02,0,11.63,2.6513,89.45,18652.88
2025-07-22 12:37:03,0,11.99,2.7349,92.18,19230.27
2025-07-22 12:37:04,0,11.97,2.8846,95.07,19198.2
2025-07-22 12:37:05,0,11.83,2.9329,98,18973.66
2025-07-22 12:37:06,0,12.13,2.7972,100.8,19454.81
2025-07-22 12:37:07,0,11.88,2.7087,103.51,19053.85
2025-07-22 12:37:08,0,11.88,2.7106,106.22,19053.85
2025-07-22 12:37:09,0,11.94,2.7221,108.94,19150.08
2025-07-22 12:37:10,0,11.66,2.6582,111.6,18701
2025-07-22 12:37:11,0,12.08,2.754,114.35,19374.62
2025-07-22 12:37:13,0,11.36,2.5914,116.94,18219.84
2025-07-22 12:37:14,0,12.02,2.7414,119.68,19278.39
2025-07-22 12:37:15,0,11.77,2.6826,122.37,18877.43
2025-07-22 12:37:16,0,11.91,2.7146,125.08,19101.97
2025-07-22 12:37:17,0,12.05,2.7485,127.83,19326.51
2025-07-22 12:37:18,0,11.66,2.6582,130.49,18701
2025-07-22 12:37:19,0,11.97,2.7295,133.22,19198.2
2025-07-22 12:37:20,0,11.72,2.6724,135.89,18797.23
2025-07-22 12:37:21,0,12.05,2.7486,138.64,19326.51
2025-07-22 12:37:22,0,11.91,2.716,141.35,19101.97
2025-07-22 12:37:23,0,12.19,2.7792,144.13,19551.05
2025-07-22 12:37:24,0,11.77,2.6843,146.82,18877.43
2025-07-22 12:37:26,0,11.55,2.6325,149.45,18524.58
2025-07-22 12:37:27,0,11.66,2.6593,152.11,18701
2025-07-22 12:37:28,0,12.13,2.7651,154.87,19454.81
2025-07-22 12:37:29,0,12.11,2.7615,157.64,19422.74
2025-07-22 12:37:30,0,11.88,2.7235,160.36,19053.85
2025-07-22 12:37:31,0,12.16,2.8041,163.16,19502.93
2025-07-22 12:37:32,0,11.72,2.687,165.85,18797.23
2025-07-22 12:37:33,0,11.83,2.6971,168.55,18973.66
2025-07-22 12:37:34,0,11.99,2.7195,171.27,19230.27
2025-07-22 12:37:35,0,11.8,2.6893,173.96,18925.54
2025-07-22 12:37:36,0,11.91,2.7161,176.67,19101.97
2025-07-22 12:37:37,0,12.13,2.7657,179.44,19454.81
2025-07-22 12:37:38,0,11.58,2.6414,182.08,18572.69
2025-07-22 12:37:40,0,12.19,2.7796,184.86,19551.05
2025-07-22 12:37:41,0,12.16,2.7728,187.63,19502.93
2025-07-22 12:37:42,0,11.77,2.6832,190.32,18877.43
2025-07-22 12:37:43,0,11.69,2.6652,192.98,18749.12
2025-07-22 12:37:44,0,12.3,2.8053,195.79,19727.47
2025-07-22 12:37:45,0,12.08,2.7547,198.54,19374.62
2025-07-22 12:37:46,0,11.63,2.651,201.19,18652.88
2025-07-22 12:37:47,0,12.24,2.7921,203.98,19631.24
2025-07-22 12:37:48,0,11.94,2.7231,206.71,19150.08
2025-07-22 12:37:49,0,11.86,2.7037,209.41,19021.77
2025-07-22 12:37:50,0,11.88,2.7085,212.12,19053.85
2025-07-22 12:37:51,0,11.66,2.6591,214.78,18701
2025-07-22 12:37:53,0,11.52,2.6269,217.4,18476.46
2025-07-22 12:37:54,0,11.91,2.7155,220.12,19101.97
2025-07-22 12:37:55,0,12.05,2.7477,222.87,19326.51
2025-07-22 12:37:56,0,11.97,2.7293,225.6,19198.2
2025-07-22 12:37:57,0,11.99,2.734,228.33,19230.27
2025-07-22 12:37:58,0,11.88,2.7083,231.04,19053.85
2025-07-22 12:37:59,0,12.11,2.7613,233.8,19422.74
2025-07-22 12:38:00,0,11.91,2.7162,236.52,19101.97
2025-07-22 12:38:01,0,11.77,2.6844,239.2,18877.43
2025-07-22 12:38:02,0,11.99,2.7333,241.93,19230.27
2025-07-22 12:38:03,0,11.91,2.7156,244.65,19101.97
2025-07-22 12:38:04,0,11.94,2.7288,247.38,19150.08
2025-07-22 12:38:05,0,11.49,2.6142,249.99,18428.34
2025-07-22 12:38:07,0,11.99,2.7341,252.73,19230.27
2025-07-22 12:38:08,0,12.19,2.7795,255.51,19551.05
2025-07-22 12:38:09,0,11.66,2.6591,258.17,18701
2025-07-22 12:38:10,0,11.69,2.6656,260.83,18749.12
2025-07-22 12:38:11,0,12.11,2.7614,263.59,19422.74
2025-07-22 12:38:12,0,12.05,2.7466,266.34,19326.51
2025-07-22 12:38:13,0,11.99,2.7343,269.07,19230.27
2025-07-22 12:38:14,0,11.74,2.6769,271.75,18829.31
2025-07-22 12:38:15,0,11.94,2.7222,274.47,19150.08
2025-07-22 12:38:16,0,11.8,2.6907,277.16,18925.54
2025-07-22 12:38:17,0,12.11,2.7624,279.93,19422.74
2025-07-22 12:38:18,0,12.08,2.7528,282.68,19374.62
2025-07-22 12:38:20,0,11.99,2.7349,285.41,19230.27
2025-07-22 12:38:21,0,11.97,2.7293,288.14,19198.2
2025-07-22 12:38:22,0,11.94,2.7532,290.9,19150.08
2025-07-22 12:38:23,0,11.91,2.7308,293.63,19101.97
2025-07-22 12:38:24,0,11.36,2.6045,296.23,18219.84
2025-07-22 12:38:25,0,12.11,2.777,299.01,19422.74
2025-07-22 12:38:26,0,12.11,2.7607,301.77,19422.74
2025-07-22 12:38:27,0,12.02,2.7565,304.53,19278.39
2025-07-22 12:38:28,0,11.77,2.728,307.25,18877.43
2025-07-22 12:38:29,0,11.83,2.712,309.97,18973.66
2025-07-22 12:38:30,0,11.41,2.602,312.57,18300.04
2025-07-22 12:38:31,0,11.8,2.707,315.28,18925.54
2025-07-22 12:38:33,0,11.63,2.6951,317.97,18652.88
2025-07-22 12:38:34,0,12.05,2.7659,320.74,19326.51
2025-07-22 12:38:35,0,12.08,2.7521,323.49,19374.62
2025-07-22 12:38:36,0,11.94,2.7218,326.21,19150.08
2025-07-22 12:38:37,0,11.86,2.7043,328.91,19021.77
2025-07-22 12:38:38,0,12.05,2.7478,331.66,19326.51
2025-07-22 12:38:39,0,11.49,2.6189,334.28,18428.34
2025-07-22 12:38:40,0,11.83,2.6989,336.98,18973.66
2025-07-22 12:38:41,0,11.88,2.7236,339.7,19053.85
2025-07-22 12:38:42,0,11.61,2.647,342.35,18620.81
2025-07-22 12:38:43,0,11.86,2.7044,345.05,19021.77
2025-07-22 12:38:44,0,11.63,2.6665,347.72,18652.88
2025-07-22 12:38:46,0,11.72,2.6879,350.41,18797.23
2025-07-22 12:38:47,0,11.91,2.7151,353.12,19101.97
2025-07-22 12:38:48,0,11.55,2.6342,355.76,18524.58
2025-07-22 12:38:49,0,11.77,2.6827,358.44,18877.43
2025-07-22 12:38:50,0,11.77,2.6844,361.13,18877.43
2025-07-22 12:38:51,0,11.91,2.7166,363.84,19101.97
2025-07-22 12:38:52,0,11.8,2.7044,366.55,18925.54
2025-07-22 12:38:53,0,11.88,2.755,369.3,19053.85
2025-07-22 12:38:54,0,12.02,2.7709,372.07,19278.39
2025-07-22 12:38:55,0,11.91,2.7627,374.84,19101.97
2025-07-22 12:38:56,0,11.97,2.7427,377.58,19198.2
2025-07-22 12:38:57,0,12.16,2.7732,380.35,19502.93
2025-07-22 12:38:59,0,11.8,2.6899,383.04,18925.54
2025-07-22 12:39:00,0,12.05,2.7479,385.79,19326.51
2025-07-22 12:39:01,0,11.72,2.6865,388.48,18797.23
2025-07-22 12:39:02,0,11.8,2.7213,391.2,18925.54
2025-07-22 12:39:03,0,11.58,2.6412,393.84,18572.69
2025-07-22 12:39:04,0,12.02,2.7411,396.58,19278.39
2025-07-22 12:39:05,0,11.8,2.6909,399.27,18925.54
2025-07-22 12:39:06,0,11.83,2.6969,401.97,18973.66
2025-07-22 12:39:07,0,11.8,2.6904,404.66,18925.54
2025-07-22 12:39:08,0,11.52,2.6264,407.28,18476.46
2025-07-22 12:39:09,0,11.97,2.7291,410.01,19198.2
2025-07-22 12:39:10,0,11.91,2.7168,412.73,19101.97
2025-07-22 12:39:12,0,11.77,2.6977,415.43,18877.43
2025-07-22 12:39:13,0,11.63,2.6673,418.09,18652.88
2025-07-22 12:39:14,0,11.72,2.6722,420.77,18797.23
2025-07-22 12:39:15,0,11.86,2.7335,423.5,19021.77
2025-07-22 12:39:16,0,11.94,2.7224,426.22,19150.08
2025-07-22 12:39:17,0,11.97,2.7305,428.95,19198.2
2025-07-22 12:39:18,0,11.97,2.714,431.67,19198.2
2025-07-22 12:39:19,0,11.88,2.7236,434.39,19053.85
2025-07-22 12:39:20,0,11.91,2.7006,437.09,19101.97
2025-07-22 12:39:21,0,11.83,2.7131,439.8,18973.66
2025-07-22 12:39:22,0,11.94,2.7225,442.53,19150.08
2025-07-22 12:39:23,0,11.72,2.6717,445.2,18797.23
2025-07-22 12:39:25,0,11.83,2.6986,447.9,18973.66
2025-07-22 12:39:26,0,11.91,2.7146,450.61,19101.97
2025-07-22 12:39:27,0,11.8,2.676,453.29,18925.54
2025-07-22 12:39:28,0,12.05,2.7631,456.05,19326.51
2025-07-22 12:39:29,0,11.83,2.7124,458.76,18973.66
2025-07-22 12:39:30,0,11.77,2.6837,461.45,18877.43
2025-07-22 12:39:31,0,11.8,2.6898,464.14,18925.54
2025-07-22 12:39:32,0,11.91,2.7164,466.85,19101.97
2025-07-22 12:39:33,0,12.08,2.7542,469.61,19374.62
2025-07-22 12:39:34,0,11.8,2.6925,472.3,18925.54
2025-07-22 12:39:35,0,11.88,2.7082,475.01,19053.85
2025-07-22 12:39:36,0,11.83,2.6964,477.7,18973.66
2025-07-22 12:39:38,0,11.91,2.7155,480.42,19101.97
2025-07-22 12:39:39,0,11.91,2.7155,483.14,19101.97
2025-07-22 12:39:40,0,11.86,2.708,485.84,19021.77
2025-07-22 12:39:41,0,11.86,2.7017,488.55,19021.77
2025-07-22 12:39:42,0,11.52,2.6271,491.17,18476.46
2025-07-22 12:39:43,0,11.74,2.677,493.85,18829.31
2025-07-22 12:39:44,0,11.8,2.6905,496.54,18925.54
2025-07-22 12:39:45,0,11.83,2.698,499.24,18973.66
2025-07-22 12:39:46,0,11.8,2.6893,501.93,18925.54
2025-07-22 12:39:47,0,11.72,2.672,504.6,18797.23
2025-07-22 12:39:48,0,11.69,2.6656,507.26,18749.12
2025-07-22 12:39:49,0,12.05,2.7766,510.04,19326.51
2025-07-22 12:39:50,0,11.88,2.7415,512.78,19053.85
2025-07-22 12:39:52,0,12.05,2.7638,515.55,19326.51
2025-07-22 12:39:53,0,12.05,2.7498,518.3,19326.51
2025-07-22 12:39:54,0,11.97,2.7416,521.04,19198.2
2025-07-22 12:39:55,0,11.44,2.6089,523.65,18348.15
2025-07-22 12:39:56,0,12.02,2.7854,526.43,19278.39
2025-07-22 12:39:57,0,12.05,2.7637,529.2,19326.51
2025-07-22 12:39:58,0,11.63,2.651,531.85,18652.88
2025-07-22 12:39:59,0,11.88,2.7243,534.57,19053.85
2025-07-22 12:40:00,0,11.83,2.6968,537.27,18973.66
2025-07-22 12:40:01,0,11.91,2.7164,539.98,19101.97
2025-07-22 12:40:02,0,11.83,2.6975,542.68,18973.66
2025-07-22 12:40:04,0,11.66,2.6875,545.37,18701
2025-07-22 12:40:05,0,11.99,2.7339,548.1,19230.27
2025-07-22 12:40:06,0,11.94,2.7234,550.83,19150.08
2025-07-22 12:40:07,0,11.91,2.7157,553.54,19101.97
2025-07-22 12:40:08,0,11.91,2.7163,556.26,19101.97
2025-07-22 12:40:09,0,11.83,2.6974,558.96,18973.66
2025-07-22 12:40:10,0,11.94,2.7216,561.68,19150.08
2025-07-22 12:40:11,0,11.88,2.7092,564.39,19053.85
2025-07-22 12:40:12,0,11.72,2.6736,567.06,18797.23
2025-07-22 12:40:13,0,11.55,2.6331,569.69,18524.58
2025-07-22 12:40:14,0,11.86,2.704,572.4,19021.77
2025-07-22 12:40:15,0,11.88,2.7086,575.11,19053.85
2025-07-22 12:40:16,0,11.72,2.6735,577.78,18797.23
2025-07-22 12:40:18,0,11.83,2.6966,580.48,18973.66
2025-07-22 12:40:19,0,11.66,2.6574,583.13,18701
2025-07-22 12:40:20,0,12.02,2.7427,585.88,19278.39
2025-07-22 12:40:21,0,12.02,2.7403,588.62,19278.39
2025-07-22 12:40:22,0,11.88,2.7095,591.33,19053.85
2025-07-22 12:40:23,0,11.74,2.6769,594,18829.31
2025-07-22 12:40:24,0,11.8,2.6894,596.69,18925.54
2025-07-22 12:40:25,0,11.97,2.7292,599.42,19198.2
2025-07-22 12:40:26,0,12.11,2.7632,602.18,19422.74
2025-07-22 12:40:27,0,11.99,2.7325,604.92,19230.27
2025-07-22 12:40:28,0,11.86,2.7085,607.63,19021.77
2025-07-22 12:40:29,0,11.58,2.6357,610.26,18572.69
2025-07-22 12:40:31,0,11.8,2.6911,612.95,18925.54
2025-07-22 12:40:32,0,11.63,2.6668,615.62,18652.88
2025-07-22 12:40:33,0,11.88,2.7388,618.36,19053.85
2025-07-22 12:40:34,0,12.05,2.7489,621.11,19326.51
2025-07-22 12:40:35,0,11.61,2.6474,623.75,18620.81
2025-07-22 12:40:36,0,11.88,2.7076,626.46,19053.85
2025-07-22 12:40:37,0,11.74,2.6775,629.14,18829.31
2025-07-22 12:40:38,0,11.77,2.6835,631.82,18877.43
2025-07-22 12:40:39,0,11.72,2.6719,634.5,18797.23
2025-07-22 12:40:40,0,11.77,2.6848,637.18,18877.43
2025-07-22 12:40:41,0,11.66,2.6574,639.84,18701
2025-07-22 12:40:42,0,11.94,2.7224,642.56,19150.08
2025-07-22 12:40:43,0,11.63,2.6523,645.21,18652.88
2025-07-22 12:40:45,0,12.05,2.7486,647.96,19326.51
2025-07-22 12:40:46,0,11.61,2.6469,650.61,18620.81
2025-07-22 12:40:47,0,11.91,2.7159,653.32,19101.97
2025-07-22 12:40:48,0,11.91,2.731,656.05,19101.97
2025-07-22 12:40:49,0,11.83,2.7276,658.78,18973.66
2025-07-22 12:40:50,0,11.72,2.6722,661.45,18797.23
2025-07-22 12:40:51,0,11.69,2.6649,664.12,18749.12
2025-07-22 12:40:52,0,12.08,2.7543,666.87,19374.62
2025-07-22 12:40:53,0,11.97,2.7295,669.6,19198.2
2025-07-22 12:40:54,0,11.69,2.6663,672.27,18749.12
2025-07-22 12:40:55,0,12.02,2.7417,675.01,19278.39
2025-07-22 12:40:56,0,11.74,2.675,677.69,18829.31
2025-07-22 12:40:58,0,11.72,2.6733,680.36,18797.23
2025-07-22 12:40:59,0,11.8,2.691,683.05,18925.54
2025-07-22 12:41:00,0,11.94,2.7219,685.77,19150.08
2025-07-22 12:41:01,0,12.13,2.7668,688.54,19454.81
2025-07-22 12:41:02,0,11.88,2.7077,691.25,19053.85
2025-07-22 12:41:03,0,11.99,2.7353,693.98,19230.27
2025-07-22 12:41:04,0,11.8,2.69,696.67,18925.54
2025-07-22 12:41:05,0,11.91,2.7185,699.39,19101.97
2025-07-22 12:41:06,0,11.86,2.7026,702.09,19021.77
2025-07-22 12:41:07,0,11.88,2.7078,704.8,19053.85
2025-07-22 12:41:08,0,11.55,2.6335,707.43,18524.58
2025-07-22 12:41:09,0,11.91,2.7151,710.15,19101.97
2025-07-22 12:41:11,0,11.88,2.71,712.86,19053.85
2025-07-22 12:41:12,0,11.77,2.6841,715.54,18877.43
2025-07-22 12:41:13,0,11.88,2.7091,718.25,19053.85
2025-07-22 12:41:14,0,11.8,2.6888,720.94,18925.54
2025-07-22 12:41:15,0,11.94,2.7227,723.66,19150.08
2025-07-22 12:41:16,0,11.66,2.6588,726.32,18701
2025-07-22 12:41:17,0,11.47,2.6154,728.94,18396.27
2025-07-22 12:41:18,0,11.3,2.5765,731.51,18123.61
2025-07-22 12:41:19,0,11.88,2.709,734.22,19053.85
2025-07-22 12:41:20,0,11.91,2.7163,736.94,19101.97
2025-07-22 12:41:21,0,11.83,2.6974,739.64,18973.66
2025-07-22 12:41:22,0,11.8,2.69,742.33,18925.54
2025-07-22 12:41:23,0,11.88,2.7095,745.04,19053.85
2025-07-22 12:41:25,0,11.74,2.6774,747.71,18829.31
2025-07-22 12:41:26,0,11.97,2.729,750.44,19198.2
2025-07-22 12:41:27,0,11.66,2.6584,753.1,18701
2025-07-22 12:41:28,0,11.8,2.6901,755.79,18925.54
2025-07-22 12:41:29,0,11.77,2.6846,758.48,18877.43
2025-07-22 12:41:30,0,12.02,2.7419,761.22,19278.39
2025-07-22 12:41:31,0,11.88,2.7552,763.97,19053.85
2025-07-22 12:41:32,0,11.83,2.6964,766.67,18973.66
2025-07-22 12:41:33,0,11.77,2.6826,769.35,18877.43
2025-07-22 12:41:34,0,11.86,2.7035,772.06,19021.77
2025-07-22 12:41:35,0,11.99,2.735,774.79,19230.27
2025-07-22 12:41:36,0,11.74,2.6826,777.47,18829.31
2025-07-22 12:41:38,0,11.88,2.7034,780.18,19053.85
2025-07-22 12:41:39,0,11.69,2.6653,782.84,18749.12
2025-07-22 12:41:40,0,11.83,2.698,785.54,18973.66
2025-07-22 12:41:41,0,11.88,2.7092,788.25,19053.85
2025-07-22 12:41:42,0,11.72,2.671,790.92,18797.23
2025-07-22 12:41:43,0,11.91,2.7156,793.64,19101.97
2025-07-22 12:41:44,0,11.63,2.6517,796.29,18652.88
2025-07-22 12:41:45,0,11.88,2.7089,799,19053.85
2025-07-22 12:41:46,0,12.27,2.7985,801.8,19679.35
2025-07-22 12:41:47,0,11.49,2.6199,804.42,18428.34
2025-07-22 12:41:48,0,11.72,2.6732,807.09,18797.23
2025-07-22 12:41:49,0,12.02,2.7395,809.83,19278.39
2025-07-22 12:41:50,0,11.88,2.7099,812.54,19053.85
2025-07-22 12:41:52,0,12.02,2.7399,815.28,19278.39
2025-07-22 12:41:53,0,11.58,2.6415,817.92,18572.69
2025-07-22 12:41:54,0,12.02,2.7396,820.66,19278.39
2025-07-22 12:41:55,0,12.11,2.7606,823.42,19422.74
2025-07-22 12:41:56,0,12.19,2.7801,826.2,19551.05
2025-07-22 12:41:57,0,11.77,2.6853,828.88,18877.43
2025-07-22 12:41:58,0,12.16,2.772,831.66,19502.93
2025-07-22 12:41:59,0,11.58,2.6404,834.3,18572.69
2025-07-22 12:42:00,0,11.41,2.6022,836.9,18300.04
2025-07-22 12:42:01,0,11.99,2.7344,839.63,19230.27
2025-07-22 12:42:02,0,11.88,2.7094,842.34,19053.85
2025-07-22 12:42:03,0,11.91,2.7142,845.06,19101.97
2025-07-22 12:42:05,0,11.63,2.6518,847.71,18652.88
2025-07-22 12:42:06,0,11.94,2.7372,850.45,19150.08
2025-07-22 12:42:07,0,11.99,2.781,853.23,19230.27
2025-07-22 12:42:08,0,11.94,2.738,855.97,19150.08
2025-07-22 12:42:09,0,11.77,2.6826,858.65,18877.43
2025-07-22 12:42:10,0,12.05,2.7493,861.4,19326.51
2025-07-22 12:42:11,0,11.24,2.5613,863.96,18027.38
2025-07-22 12:42:12,0,11.72,2.673,866.63,18797.23
2025-07-22 12:42:13,0,11.99,2.7336,869.37,19230.27
2025-07-22 12:42:14,0,11.72,2.6722,872.04,18797.23
2025-07-22 12:42:15,0,12.08,2.7548,874.79,19374.62
2025-07-22 12:42:16,0,12.11,2.7601,877.55,19422.74
2025-07-22 12:42:18,0,11.8,2.6915,880.24,18925.54
2025-07-22 12:42:19,0,11.55,2.6345,882.88,18524.58
2025-07-22 12:42:20,0,11.88,2.7077,885.59,19053.85
2025-07-22 12:42:21,0,11.97,2.729,888.32,19198.2
2025-07-22 12:42:22,0,11.8,2.6918,891.01,18925.54
2025-07-22 12:42:23,0,11.99,2.7328,893.74,19230.27
2025-07-22 12:42:24,0,11.77,2.6833,896.42,18877.43
2025-07-22 12:42:25,0,11.83,2.6987,899.12,18973.66
2025-07-22 12:42:26,0,11.8,2.705,901.83,18925.54
2025-07-22 12:42:27,0,11.74,2.6761,904.5,18829.31
2025-07-22 12:42:28,0,11.77,2.7144,907.22,18877.43
2025-07-22 12:42:29,0,11.86,2.7042,909.92,19021.77
2025-07-22 12:42:30,0,11.86,2.706,912.63,19021.77
2025-07-22 12:42:32,0,11.66,2.6581,915.29,18701
2025-07-22 12:42:33,0,11.91,2.7142,918,19101.97
2025-07-22 12:42:34,0,11.94,2.723,920.72,19150.08
2025-07-22 12:42:35,0,11.86,2.705,923.43,19021.77
2025-07-22 12:42:36,0,12.11,2.76,926.19,19422.74
2025-07-22 12:42:37,0,11.91,2.7165,928.9,19101.97
2025-07-22 12:42:38,0,11.91,2.7165,931.62,19101.97
2025-07-22 12:42:39,0,11.97,2.7293,934.35,19198.2
2025-07-22 12:42:40,0,12.19,2.7782,937.13,19551.05
2025-07-22 12:42:41,0,11.94,2.7235,939.85,19150.08
2025-07-22 12:42:42,0,11.22,2.5581,942.41,17995.3
2025-07-22 12:42:43,0,12.08,2.7555,945.17,19374.62
2025-07-22 12:42:45,0,11.88,2.7223,947.89,19053.85
2025-07-22 12:42:46,0,11.86,2.7347,950.62,19021.77
2025-07-22 12:42:47,0,12.22,2.7875,953.41,19599.16
2025-07-22 12:42:48,0,11.63,2.6515,956.06,18652.88
2025-07-22 12:42:49,0,11.66,2.6596,958.72,18701
2025-07-22 12:42:50,0,11.61,2.646,961.37,18620.81
2025-07-22 12:42:51,0,11.38,2.596,963.96,18251.92
2025-07-22 12:42:52,0,11.88,2.707,966.67,19053.85
2025-07-22 12:42:53,0,12.13,2.767,969.44,19454.81
2025-07-22 12:42:54,0,11.88,2.7093,972.15,19053.85
2025-07-22 12:42:55,0,11.8,2.6899,974.84,18925.54
2025-07-22 12:42:56,0,11.94,2.7229,977.56,19150.08
2025-07-22 12:42:58,0,11.77,2.6831,980.24,18877.43
2025-07-22 12:42:59,0,11.83,2.6973,982.94,18973.66
2025-07-22 12:43:00,0,11.91,2.7171,985.66,19101.97
2025-07-22 12:43:01,0,11.69,2.6647,988.32,18749.12
2025-07-22 12:43:02,0,12.05,2.7468,991.07,19326.51
2025-07-22 12:43:03,0,11.94,2.7238,993.79,19150.08
2025-07-22 12:43:04,0,11.97,2.7288,996.52,19198.2
2025-07-22 12:43:05,0,11.99,2.7335,999.25,19230.27
2025-07-22 12:43:06,0,11.91,2.7153,1001.97,19101.97
2025-07-22 12:43:07,0,11.97,2.7295,1004.7,19198.2
2025-07-22 12:43:08,0,11.86,2.7052,1007.4,19021.77
2025-07-22 12:43:09,0,11.99,2.7344,1010.14,19230.27
2025-07-22 12:43:10,0,12.11,2.7608,1012.9,19422.74
2025-07-22 12:43:12,0,12.13,2.7654,1015.67,19454.81
2025-07-22 12:43:13,0,11.83,2.6981,1018.36,18973.66
2025-07-22 12:43:14,0,12.16,2.7731,1021.14,19502.93
2025-07-22 12:43:15,0,11.83,2.6961,1023.83,18973.66
2025-07-22 12:43:16,0,12.05,2.7488,1026.58,19326.51
2025-07-22 12:43:17,0,12.16,2.7722,1029.35,19502.93
2025-07-22 12:43:18,0,12.02,2.7409,1032.09,19278.39
2025-07-22 12:43:19,0,11.8,2.6919,1034.79,18925.54
2025-07-22 12:43:20,0,12.05,2.7473,1037.53,19326.51
2025-07-22 12:43:21,0,11.86,2.7044,1040.24,19021.77
2025-07-22 12:43:22,0,11.99,2.7326,1042.97,19230.27
2025-07-22 12:43:23,0,12.02,2.7416,1045.71,19278.39
2025-07-22 12:43:25,0,11.8,2.6904,1048.4,18925.54
2025-07-22 12:43:26,0,11.97,2.7296,1051.13,19198.2
2025-07-22 12:43:27,0,11.77,2.684,1053.82,18877.43
2025-07-22 12:43:28,0,11.99,2.7343,1056.55,19230.27
2025-07-22 12:43:29,0,11.66,2.6578,1059.21,18701
2025-07-22 12:43:30,0,11.83,2.6972,1061.91,18973.66
2025-07-22 12:43:31,0,11.52,2.6277,1064.53,18476.46
2025-07-22 12:43:32,0,11.8,2.6898,1067.22,18925.54
2025-07-22 12:43:33,0,11.74,2.6768,1069.9,18829.31
2025-07-22 12:43:34,0,11.91,2.7463,1072.65,19101.97
2025-07-22 12:43:35,0,12.05,2.7987,1075.44,19326.51
2025-07-22 12:43:36,0,11.99,2.7346,1078.18,19230.27
2025-07-22 12:43:37,0,11.72,2.6665,1080.85,18797.23
