timestamp,SPEED(km/h),MAF(g/s),CO2(g),CO2 ´©Àû(g),PPM/sec
2025-06-18 18:16:26,0.0,10.8,0,0.0,0
2025-06-18 18:16:27,0.0,11.3,2.5951,2.6,20238.03
2025-06-18 18:16:28,0.0,11.16,2.543,5.14,19987.3
2025-06-18 18:16:29,0.0,11.02,2.5135,7.65,19736.56
2025-06-18 18:16:30,0.0,10.58,2.412,10.06,18948.53
2025-06-18 18:16:32,0.0,10.55,2.406,12.47,18894.8
2025-06-18 18:16:33,0.0,11.44,2.6213,15.09,20488.77
2025-06-18 18:16:34,0.0,11.11,2.5333,17.62,19897.75
2025-06-18 18:16:35,0.0,11.08,2.5284,20.15,19844.02
2025-06-18 18:16:36,0.0,10.94,2.4932,22.65,19593.28
2025-06-18 18:16:37,0.0,11.19,2.5514,25.2,20041.02
2025-06-18 18:16:38,0.0,10.88,2.5457,27.74,19485.82
2025-06-18 18:16:39,0.0,11.05,2.5241,30.27,19790.29
2025-06-18 18:16:40,0.0,10.99,2.5062,32.77,19682.83
2025-06-18 18:16:41,0.0,10.88,2.4814,35.25,19485.82
2025-06-18 18:16:42,0.0,11.13,2.5372,37.79,19933.57
2025-06-18 18:16:43,0.0,11.27,2.5692,40.36,20184.3
2025-06-18 18:16:45,0.0,10.77,2.4569,42.82,19288.81
2025-06-18 18:16:46,0.0,10.99,2.5049,45.32,19682.83
2025-06-18 18:16:47,0.0,11.36,2.5898,47.91,20345.49
2025-06-18 18:16:48,0.0,11.22,2.5583,50.47,20094.75
2025-06-18 18:16:49,0.0,10.99,2.5062,52.98,19682.83
2025-06-18 18:16:50,0.0,11.08,2.5285,55.51,19844.02
2025-06-18 18:16:51,0.0,10.66,2.4294,57.93,19091.81
2025-06-18 18:16:52,0.0,11.3,2.5765,60.51,20238.03
2025-06-18 18:16:53,0.0,10.97,2.5014,63.01,19647.01
2025-06-18 18:16:54,0.0,11.19,2.5502,65.56,20041.02
2025-06-18 18:16:55,0.0,11.08,2.5281,68.09,19844.02
2025-06-18 18:16:56,0.0,11.24,2.5629,70.65,20130.57
2025-06-18 18:16:57,0.0,11.13,2.5365,73.19,19933.57
2025-06-18 18:16:59,0.0,11.11,2.5342,75.72,19897.75
2025-06-18 18:17:00,0.0,11.13,2.5381,78.26,19933.57
2025-06-18 18:17:01,0.0,11.3,2.6387,80.9,20238.03
2025-06-18 18:17:02,0.0,11.02,2.522,83.42,19736.56
2025-06-18 18:17:03,0.0,11.24,2.5621,85.99,20130.57
2025-06-18 18:17:04,0.0,11.24,2.5636,88.55,20130.57
2025-06-18 18:17:05,0.0,10.8,2.4627,91.01,19342.54
2025-06-18 18:17:06,0.0,11.36,2.5896,93.6,20345.49
2025-06-18 18:17:07,0.0,10.88,2.4819,96.08,19485.82
2025-06-18 18:17:08,0.0,11.08,2.5263,98.61,19844.02
2025-06-18 18:17:09,0.0,11.24,2.5614,101.17,20130.57
2025-06-18 18:17:10,0.0,11.08,2.5271,103.7,19844.02
2025-06-18 18:17:12,0.0,11.27,2.5703,106.27,20184.3
2025-06-18 18:17:13,0.0,11.02,2.5118,108.78,19736.56
2025-06-18 18:17:14,0.0,10.88,2.4813,111.26,19485.82
2025-06-18 18:17:15,0.0,11.13,2.5374,113.8,19933.57
2025-06-18 18:17:16,0.0,11.24,2.5638,116.36,20130.57
2025-06-18 18:17:17,0.0,10.52,2.397,118.76,18841.07
2025-06-18 18:17:18,0.0,11.02,2.5133,121.27,19736.56
2025-06-18 18:17:19,0.0,11.16,2.5466,123.82,19987.3
2025-06-18 18:17:20,0.0,11.05,2.5179,126.34,19790.29
2025-06-18 18:17:21,0.0,10.8,2.4636,128.8,19342.54
2025-06-18 18:17:22,0.0,10.97,2.5009,131.3,19647.01
2025-06-18 18:17:23,0.0,10.86,2.4767,133.78,19450.0
2025-06-18 18:17:25,0.0,11.11,2.5329,136.31,19897.75
2025-06-18 18:17:26,0.0,10.91,2.4868,138.8,19539.55
2025-06-18 18:17:27,0.0,10.94,2.5099,141.31,19593.28
2025-06-18 18:17:28,0.0,11.22,2.544,143.85,20094.75
2025-06-18 18:17:29,0.0,11.13,2.5371,146.39,19933.57
2025-06-18 18:17:30,0.0,11.11,2.5354,148.92,19897.75
2025-06-18 18:17:31,0.0,10.83,2.4673,151.39,19396.27
2025-06-18 18:17:32,0.0,11.24,2.6376,154.03,20130.57
2025-06-18 18:17:33,0.0,10.83,2.4809,156.51,19396.27
2025-06-18 18:17:34,0.0,10.88,2.4799,158.99,19485.82
2025-06-18 18:17:35,0.0,10.83,2.4696,161.46,19396.27
2025-06-18 18:17:36,0.0,10.88,2.4665,163.93,19485.82
2025-06-18 18:17:38,0.0,10.97,2.5023,166.43,19647.01
2025-06-18 18:17:39,0.0,11.11,2.5333,168.96,19897.75
2025-06-18 18:17:40,0.0,11.47,2.6152,171.58,20542.5
2025-06-18 18:17:41,0.0,11.05,2.5191,174.1,19790.29
2025-06-18 18:17:42,0.0,11.13,2.5389,176.64,19933.57
2025-06-18 18:17:43,0.0,11.33,2.5828,179.22,20291.76
2025-06-18 18:17:44,0.0,10.69,2.4507,181.67,19145.54
2025-06-18 18:17:45,0.0,11.16,2.5455,184.21,19987.3
2025-06-18 18:17:46,0.0,11.27,2.5696,186.78,20184.3
2025-06-18 18:17:47,0.0,11.3,2.576,189.36,20238.03
2025-06-18 18:17:48,0.0,10.97,2.5018,191.86,19647.01
2025-06-18 18:17:49,0.0,10.91,2.4867,194.35,19539.55
2025-06-18 18:17:50,0.0,11.08,2.5272,196.88,19844.02
2025-06-18 18:17:52,0.0,11.05,2.5189,199.39,19790.29
2025-06-18 18:17:53,0.0,11.11,2.534,201.93,19897.75
2025-06-18 18:17:54,0.0,11.08,2.526,204.45,19844.02
2025-06-18 18:17:55,0.0,10.77,2.4546,206.91,19288.81
2025-06-18 18:17:56,0.0,10.94,2.4947,209.4,19593.28
2025-06-18 18:17:57,0.0,11.16,2.5447,211.95,19987.3
2025-06-18 18:17:58,0.0,11.05,2.5196,214.47,19790.29
2025-06-18 18:17:59,0.0,10.8,2.4625,216.93,19342.54
2025-06-18 18:18:00,0.0,10.8,2.4627,219.39,19342.54
2025-06-18 18:18:01,0.0,10.8,2.4642,221.86,19342.54
2025-06-18 18:18:02,0.0,11.27,2.5688,224.43,20184.3
2025-06-18 18:18:03,0.0,10.97,2.5569,226.98,19647.01
2025-06-18 18:18:05,0.0,10.8,2.4771,229.46,19342.54
2025-06-18 18:18:06,0.0,11.11,2.5334,231.99,19897.75
2025-06-18 18:18:07,0.0,11.16,2.5444,234.54,19987.3
2025-06-18 18:18:08,0.0,11.3,2.5767,237.12,20238.03
2025-06-18 18:18:09,0.0,11.13,2.6421,239.76,19933.57
2025-06-18 18:18:10,0.0,10.97,2.5089,242.27,19647.01
2025-06-18 18:18:11,0.0,10.86,2.4765,244.74,19450.0
2025-06-18 18:18:12,0.0,11.08,2.527,247.27,19844.02
2025-06-18 18:18:13,0.0,10.77,2.4554,249.72,19288.81
2025-06-18 18:18:14,0.0,10.8,2.4636,252.19,19342.54
2025-06-18 18:18:15,0.0,11.11,2.5322,254.72,19897.75
2025-06-18 18:18:16,0.0,10.88,2.4819,257.2,19485.82
2025-06-18 18:18:18,0.0,11.41,2.6008,259.8,20435.04
2025-06-18 18:18:19,0.0,11.27,2.57,262.37,20184.3
2025-06-18 18:18:20,0.0,11.11,2.5325,264.91,19897.75
2025-06-18 18:18:21,0.0,11.11,2.5338,267.44,19897.75
2025-06-18 18:18:22,0.0,11.13,2.5384,269.98,19933.57
2025-06-18 18:18:23,0.0,11.24,2.5635,272.54,20130.57
2025-06-18 18:18:24,0.0,11.3,2.5765,275.12,20238.03
2025-06-18 18:18:25,0.0,10.99,2.5052,277.62,19682.83
2025-06-18 18:18:26,0.0,11.11,2.5327,280.16,19897.75
2025-06-18 18:18:27,0.0,10.86,2.4766,282.63,19450.0
2025-06-18 18:18:28,0.0,11.08,2.5263,285.16,19844.02
2025-06-18 18:18:29,0.0,11.33,2.5839,287.74,20291.76
2025-06-18 18:18:31,0.0,10.97,2.5006,290.24,19647.01
2025-06-18 18:18:32,0.0,10.97,2.5017,292.75,19647.01
2025-06-18 18:18:33,0.0,11.22,2.5596,295.3,20094.75
2025-06-18 18:18:34,0.0,11.33,2.5834,297.89,20291.76
2025-06-18 18:18:35,0.0,10.66,2.4302,300.32,19091.81
2025-06-18 18:18:36,0.0,11.22,2.5569,302.88,20094.75
2025-06-18 18:18:37,0.0,11.22,2.5586,305.43,20094.75
2025-06-18 18:18:38,0.0,11.11,2.5341,307.97,19897.75
2025-06-18 18:18:39,0.0,10.91,2.4884,310.46,19539.55
2025-06-18 18:18:40,0.0,11.24,2.5609,313.02,20130.57
2025-06-18 18:18:41,0.0,10.99,2.5066,315.52,19682.83
2025-06-18 18:18:42,0.0,10.94,2.4943,318.02,19593.28
2025-06-18 18:18:43,0.0,11.3,2.5762,320.59,20238.03
2025-06-18 18:18:45,0.0,10.88,2.4806,323.08,19485.82
2025-06-18 18:18:46,0.0,11.3,2.6396,325.71,20238.03
2025-06-18 18:18:47,0.0,10.99,2.5154,328.23,19682.83
2025-06-18 18:18:48,0.0,10.66,2.4305,330.66,19091.81
2025-06-18 18:18:49,0.0,10.61,2.4197,333.08,19002.26
2025-06-18 18:18:50,0.0,10.94,2.495,335.58,19593.28
2025-06-18 18:18:51,0.0,11.19,2.5501,338.13,20041.02
2025-06-18 18:18:52,0.0,11.36,2.5904,340.72,20345.49
2025-06-18 18:18:53,0.0,11.11,2.533,343.25,19897.75
2025-06-18 18:18:54,0.0,10.99,2.5066,345.76,19682.83
2025-06-18 18:18:55,0.0,11.52,2.6265,348.38,20632.05
2025-06-18 18:18:56,0.0,11.05,2.5199,350.9,19790.29
2025-06-18 18:18:58,0.0,10.69,2.4364,353.34,19145.54
2025-06-18 18:18:59,0.0,10.99,2.5063,355.84,19682.83
2025-06-18 18:19:00,0.0,10.8,2.4626,358.31,19342.54
2025-06-18 18:19:01,0.0,10.83,2.4692,360.78,19396.27
2025-06-18 18:19:02,0.0,10.86,2.477,363.25,19450.0
2025-06-18 18:19:03,0.0,10.99,2.5058,365.76,19682.83
2025-06-18 18:19:04,0.0,10.69,2.437,368.2,19145.54
2025-06-18 18:19:05,0.0,10.77,2.4554,370.65,19288.81
2025-06-18 18:19:06,0.0,10.91,2.4883,373.14,19539.55
2025-06-18 18:19:07,0.0,10.69,2.4375,375.58,19145.54
2025-06-18 18:19:08,0.0,10.94,2.4949,378.07,19593.28
2025-06-18 18:19:09,0.0,11.27,2.5693,380.64,20184.3
2025-06-18 18:19:10,0.0,11.13,2.5376,383.18,19933.57
2025-06-18 18:19:12,0.0,11.05,2.5187,385.7,19790.29
2025-06-18 18:19:13,0.0,11.22,2.5587,388.26,20094.75
2025-06-18 18:19:14,0.0,10.99,2.506,390.76,19682.83
2025-06-18 18:19:15,0.0,10.55,2.4059,393.17,18894.8
2025-06-18 18:19:16,0.0,10.74,2.4489,395.62,19235.09
2025-06-18 18:19:17,0.0,11.08,2.528,398.15,19844.02
2025-06-18 18:19:18,0.0,11.02,2.5117,400.66,19736.56
2025-06-18 18:19:19,0.0,10.99,2.505,403.16,19682.83
2025-06-18 18:19:20,0.0,11.08,2.527,405.69,19844.02
2025-06-18 18:19:21,0.0,10.8,2.4639,408.15,19342.54
2025-06-18 18:19:22,0.0,10.99,2.505,410.66,19682.83
2025-06-18 18:19:23,0.0,10.8,2.461,413.12,19342.54
2025-06-18 18:19:25,0.0,10.97,2.5033,415.62,19647.01
2025-06-18 18:19:26,0.0,10.97,2.501,418.12,19647.01
2025-06-18 18:19:27,0.0,11.19,2.5499,420.67,20041.02
2025-06-18 18:19:28,0.0,10.88,2.4823,423.16,19485.82
2025-06-18 18:19:29,0.0,11.27,2.5692,425.72,20184.3
2025-06-18 18:19:30,0.0,11.11,2.5333,428.26,19897.75
2025-06-18 18:19:31,0.0,10.94,2.4937,430.75,19593.28
2025-06-18 18:19:32,0.0,11.24,2.5645,433.32,20130.57
2025-06-18 18:19:33,0.0,11.02,2.5131,435.83,19736.56
2025-06-18 18:19:34,0.0,10.99,2.5052,438.33,19682.83
2025-06-18 18:19:35,0.0,11.3,2.5764,440.91,20238.03
2025-06-18 18:19:36,0.0,11.05,2.5207,443.43,19790.29
2025-06-18 18:19:38,0.0,11.02,2.5587,445.99,19736.56
2025-06-18 18:19:39,0.0,10.69,2.4464,448.44,19145.54
2025-06-18 18:19:40,0.0,11.16,2.5586,451.0,19987.3
2025-06-18 18:19:41,0.0,11.02,2.5127,453.51,19736.56
2025-06-18 18:19:42,0.0,10.99,2.5058,456.01,19682.83
2025-06-18 18:19:43,0.0,10.88,2.5603,458.57,19485.82
2025-06-18 18:19:44,0.0,11.11,2.5508,461.12,19897.75
2025-06-18 18:19:45,0.0,10.86,2.4771,463.6,19450.0
2025-06-18 18:19:46,0.0,11.08,2.5254,466.13,19844.02
2025-06-18 18:19:47,0.0,11.36,2.5903,468.72,20345.49
2025-06-18 18:19:48,0.0,10.88,2.4812,471.2,19485.82
2025-06-18 18:19:49,0.0,11.19,2.5523,473.75,20041.02
2025-06-18 18:19:51,0.0,11.13,2.5367,476.29,19933.57
2025-06-18 18:19:52,0.0,10.77,2.4568,478.74,19288.81
2025-06-18 18:19:53,0.0,10.69,2.4371,481.18,19145.54
2025-06-18 18:19:54,0.0,11.19,2.5499,483.73,20041.02
2025-06-18 18:19:55,0.0,11.27,2.5691,486.3,20184.3
2025-06-18 18:19:56,0.0,10.94,2.4952,488.8,19593.28
2025-06-18 18:19:57,0.0,11.36,2.5909,491.39,20345.49
2025-06-18 18:19:58,0.0,10.88,2.4803,493.87,19485.82
2025-06-18 18:19:59,0.0,10.66,2.4307,496.3,19091.81
2025-06-18 18:20:00,0.0,11.16,2.5443,498.84,19987.3
2025-06-18 18:20:01,0.0,11.27,2.5701,501.41,20184.3
2025-06-18 18:20:02,0.0,10.91,2.4886,503.9,19539.55
2025-06-18 18:20:03,0.0,10.99,2.5063,506.41,19682.83
2025-06-18 18:20:05,0.0,11.19,2.5513,508.96,20041.02
2025-06-18 18:20:06,0.0,10.83,2.4693,511.43,19396.27
2025-06-18 18:20:07,0.0,10.91,2.4875,513.92,19539.55
2025-06-18 18:20:08,0.0,10.94,2.4944,516.41,19593.28
2025-06-18 18:20:09,0.0,10.74,2.4493,518.86,19235.09
2025-06-18 18:20:10,0.0,10.69,2.4379,521.3,19145.54
2025-06-18 18:20:11,0.0,10.97,2.5007,523.8,19647.01
2025-06-18 18:20:12,0.0,10.49,2.3923,526.19,18787.34
2025-06-18 18:20:13,0.0,10.88,2.4806,528.67,19485.82
2025-06-18 18:20:14,0.0,11.11,2.5968,531.27,19897.75
2025-06-18 18:20:15,0.0,11.05,2.5265,533.79,19790.29
2025-06-18 18:20:16,0.0,11.19,2.5507,536.34,20041.02
2025-06-18 18:20:18,0.0,10.88,2.4804,538.83,19485.82
2025-06-18 18:20:19,0.0,10.83,2.4711,541.3,19396.27
2025-06-18 18:20:20,0.0,10.91,2.4865,543.78,19539.55
2025-06-18 18:20:21,0.0,11.38,2.5946,546.38,20381.31
2025-06-18 18:20:22,0.0,10.58,2.4127,548.79,18948.53
2025-06-18 18:20:23,0.0,10.88,2.4804,551.27,19485.82
2025-06-18 18:20:24,0.0,10.94,2.4944,553.76,19593.28
2025-06-18 18:20:25,0.0,10.88,2.4816,556.25,19485.82
2025-06-18 18:20:26,0.0,11.16,2.5447,558.79,19987.3
2025-06-18 18:20:27,0.0,10.94,2.4944,561.29,19593.28
2025-06-18 18:20:28,0.0,10.77,2.4557,563.74,19288.81
2025-06-18 18:20:29,0.0,10.91,2.4873,566.23,19539.55
2025-06-18 18:20:31,0.0,11.47,2.6164,568.84,20542.5
2025-06-18 18:20:32,0.0,11.3,2.5756,571.42,20238.03
2025-06-18 18:20:33,0.0,10.94,2.4947,573.92,19593.28
2025-06-18 18:20:34,0.0,10.86,2.4773,576.39,19450.0
2025-06-18 18:20:35,0.0,11.22,2.557,578.95,20094.75
2025-06-18 18:20:36,0.0,10.97,2.5023,581.45,19647.01
2025-06-18 18:20:37,0.0,10.49,2.3918,583.84,18787.34
2025-06-18 18:20:38,0.0,10.99,2.5062,586.35,19682.83
2025-06-18 18:20:39,0.0,11.13,2.5382,588.89,19933.57
2025-06-18 18:20:40,0.0,10.97,2.5006,591.39,19647.01
2025-06-18 18:20:41,0.0,11.13,2.5388,593.93,19933.57
2025-06-18 18:20:42,0.0,11.05,2.5186,596.45,19790.29
2025-06-18 18:20:43,0.0,11.47,2.6143,599.06,20542.5
2025-06-18 18:20:45,0.0,10.88,2.4816,601.54,19485.82
2025-06-18 18:20:46,0.0,10.97,2.5641,604.11,19647.01
2025-06-18 18:20:47,0.0,10.94,2.5018,606.61,19593.28
2025-06-18 18:20:48,0.0,11.19,2.5518,609.16,20041.02
2025-06-18 18:20:49,0.0,10.72,2.4436,611.6,19199.27
2025-06-18 18:20:50,0.0,10.47,2.3878,613.99,18751.52
2025-06-18 18:20:51,0.0,10.63,2.4237,616.41,19038.08
2025-06-18 18:20:52,0.0,10.94,2.4948,618.91,19593.28
2025-06-18 18:20:53,0.0,10.88,2.48,621.39,19485.82
2025-06-18 18:20:54,0.0,10.97,2.5022,623.89,19647.01
2025-06-18 18:20:55,0.0,10.74,2.4488,626.34,19235.09
2025-06-18 18:20:56,0.0,11.05,2.5188,628.86,19790.29
2025-06-18 18:20:58,0.0,10.91,2.4887,631.35,19539.55
2025-06-18 18:20:59,0.0,10.94,2.4952,633.84,19593.28
2025-06-18 18:21:00,0.0,11.3,2.5751,636.42,20238.03
2025-06-18 18:21:01,0.0,10.97,2.5019,638.92,19647.01
2025-06-18 18:21:02,0.0,10.86,2.4774,641.4,19450.0
2025-06-18 18:21:03,0.0,11.05,2.5185,643.92,19790.29
2025-06-18 18:21:04,0.0,10.88,2.4805,646.4,19485.82
2025-06-18 18:21:05,0.0,11.11,2.5333,648.93,19897.75
2025-06-18 18:21:06,0.0,10.91,2.4883,651.42,19539.55
2025-06-18 18:21:07,0.0,10.72,2.4437,653.86,19199.27
2025-06-18 18:21:08,0.0,10.88,2.4809,656.34,19485.82
2025-06-18 18:21:09,0.0,11.16,2.5443,658.89,19987.3
2025-06-18 18:21:11,0.0,11.02,2.5127,661.4,19736.56
2025-06-18 18:21:12,0.0,11.13,2.5381,663.94,19933.57
2025-06-18 18:21:13,0.0,11.02,2.5125,666.45,19736.56
2025-06-18 18:21:14,0.0,11.02,2.5124,668.96,19736.56
2025-06-18 18:21:15,0.0,11.11,2.5342,671.5,19897.75
2025-06-18 18:21:16,0.0,10.88,2.48,673.98,19485.82
2025-06-18 18:21:17,0.0,10.97,2.574,676.55,19647.01
2025-06-18 18:21:18,0.0,11.24,2.5881,679.14,20130.57
2025-06-18 18:21:19,0.0,10.86,2.4759,681.61,19450.0
2025-06-18 18:21:20,0.0,11.05,2.5195,684.13,19790.29
2025-06-18 18:21:21,0.0,10.74,2.45,686.58,19235.09
2025-06-18 18:21:22,0.0,10.74,2.4484,689.03,19235.09
2025-06-18 18:21:24,0.0,11.08,2.5275,691.56,19844.02
2025-06-18 18:21:25,0.0,10.97,2.5014,694.06,19647.01
2025-06-18 18:21:26,0.0,11.08,2.5255,696.59,19844.02
2025-06-18 18:21:27,0.0,10.97,2.5022,699.09,19647.01
2025-06-18 18:21:28,0.0,10.94,2.4938,701.58,19593.28
2025-06-18 18:21:29,0.0,10.99,2.5058,704.09,19682.83
2025-06-18 18:21:30,0.0,11.22,2.558,706.65,20094.75
2025-06-18 18:21:31,0.0,11.19,2.5528,709.2,20041.02
2025-06-18 18:21:32,0.0,11.02,2.5133,711.71,19736.56
2025-06-18 18:21:33,0.0,10.77,2.4814,714.19,19288.81
2025-06-18 18:21:34,0.0,10.99,2.5207,716.72,19682.83
2025-06-18 18:21:35,0.0,10.83,2.4685,719.18,19396.27
2025-06-18 18:21:36,0.0,11.16,2.5465,721.73,19987.3
2025-06-18 18:21:38,0.0,10.8,2.462,724.19,19342.54
2025-06-18 18:21:39,0.0,10.97,2.5003,726.69,19647.01
2025-06-18 18:21:40,0.0,11.16,2.545,729.24,19987.3
2025-06-18 18:21:41,0.0,11.02,2.5129,731.75,19736.56
2025-06-18 18:21:42,0.0,11.08,2.5268,734.28,19844.02
2025-06-18 18:21:43,0.0,11.16,2.5441,736.82,19987.3
2025-06-18 18:21:44,0.0,10.83,2.4696,739.29,19396.27
2025-06-18 18:21:45,0.0,10.99,2.5053,741.8,19682.83
2025-06-18 18:21:46,0.0,10.97,2.5015,744.3,19647.01
2025-06-18 18:21:47,0.0,11.3,2.5781,746.88,20238.03
2025-06-18 18:21:48,0.0,11.08,2.5612,749.44,19844.02
2025-06-18 18:21:49,0.0,11.19,2.5433,751.98,20041.02
2025-06-18 18:21:51,0.0,10.61,2.4195,754.4,19002.26
2025-06-18 18:21:52,0.0,11.02,2.5143,756.91,19736.56
2025-06-18 18:21:53,0.0,10.88,2.4794,759.39,19485.82
2025-06-18 18:21:54,0.0,10.94,2.4935,761.89,19593.28
2025-06-18 18:21:55,0.0,10.83,2.4695,764.36,19396.27
2025-06-18 18:21:56,0.0,11.13,2.5376,766.89,19933.57
2025-06-18 18:21:57,0.0,10.83,2.4702,769.36,19396.27
2025-06-18 18:21:58,0.0,11.13,2.5378,771.9,19933.57
2025-06-18 18:21:59,0.0,10.69,2.436,774.34,19145.54
2025-06-18 18:22:00,0.0,10.61,2.4201,776.76,19002.26
2025-06-18 18:22:01,0.0,10.94,2.4947,779.25,19593.28
2025-06-18 18:22:02,0.0,10.83,2.4705,781.72,19396.27
2025-06-18 18:22:04,0.0,11.08,2.5269,784.25,19844.02
2025-06-18 18:22:05,0.0,10.91,2.488,786.74,19539.55
2025-06-18 18:22:06,0.0,10.69,2.4371,789.18,19145.54
2025-06-18 18:22:07,0.0,11.36,2.5898,791.76,20345.49
2025-06-18 18:22:08,0.0,11.24,2.564,794.33,20130.57
2025-06-18 18:22:09,0.0,10.8,2.4631,796.79,19342.54
2025-06-18 18:22:10,0.0,10.88,2.4811,799.27,19485.82
2025-06-18 18:22:11,0.0,10.91,2.4862,801.76,19539.55
2025-06-18 18:22:12,0.0,11.16,2.545,804.3,19987.3
2025-06-18 18:22:13,0.0,11.13,2.5383,806.84,19933.57
2025-06-18 18:22:14,0.0,11.02,2.512,809.35,19736.56
2025-06-18 18:22:15,0.0,11.05,2.5207,811.88,19790.29
2025-06-18 18:22:16,0.0,11.11,2.5316,814.41,19897.75
2025-06-18 18:22:18,0.0,11.22,2.5599,816.97,20094.75
2025-06-18 18:22:19,0.0,11.11,2.5331,819.5,19897.75
2025-06-18 18:22:20,0.0,11.16,2.6045,822.1,19987.3
2025-06-18 18:22:21,0.0,10.99,2.5156,824.62,19682.83
2025-06-18 18:22:22,0.0,11.24,2.5629,827.18,20130.57
2025-06-18 18:22:23,0.0,11.05,2.5201,829.7,19790.29
2025-06-18 18:22:24,0.0,11.13,2.538,832.24,19933.57
2025-06-18 18:22:25,0.0,10.8,2.4622,834.7,19342.54
2025-06-18 18:22:26,0.0,10.69,2.4646,837.17,19145.54
2025-06-18 18:22:27,0.0,11.02,2.5134,839.68,19736.56
2025-06-18 18:22:28,0.0,10.66,2.4303,842.11,19091.81
2025-06-18 18:22:29,0.0,10.72,2.4439,844.56,19199.27
2025-06-18 18:22:31,0.0,10.74,2.4482,847.0,19235.09
2025-06-18 18:22:32,0.0,11.22,2.5603,849.56,20094.75
2025-06-18 18:22:33,0.0,10.91,2.4868,852.05,19539.55
2025-06-18 18:22:34,0.0,10.74,2.4486,854.5,19235.09
2025-06-18 18:22:35,0.0,10.77,2.4561,856.96,19288.81
2025-06-18 18:22:36,0.0,10.8,2.4628,859.42,19342.54
2025-06-18 18:22:37,0.0,11.02,2.5131,861.93,19736.56
2025-06-18 18:22:38,0.0,11.16,2.5434,864.47,19987.3
2025-06-18 18:22:39,0.0,11.05,2.5206,867.0,19790.29
2025-06-18 18:22:40,0.0,11.22,2.5569,869.55,20094.75
2025-06-18 18:22:41,0.0,10.97,2.5025,872.05,19647.01
2025-06-18 18:22:42,0.0,10.72,2.4464,874.5,19199.27
2025-06-18 18:22:44,0.0,11.05,2.517,877.02,19790.29
2025-06-18 18:22:45,0.0,10.94,2.4947,879.51,19593.28
2025-06-18 18:22:46,0.0,11.08,2.5279,882.04,19844.02
2025-06-18 18:22:47,0.0,11.05,2.5178,884.56,19790.29
2025-06-18 18:22:48,0.0,11.08,2.5268,887.09,19844.02
2025-06-18 18:22:49,0.0,11.16,2.5447,889.63,19987.3
2025-06-18 18:22:50,0.0,11.33,2.5827,892.21,20291.76
2025-06-18 18:22:51,0.0,10.88,2.5302,894.74,19485.82
2025-06-18 18:22:52,0.0,10.77,2.4493,897.19,19288.81
2025-06-18 18:22:53,0.0,10.86,2.4752,899.67,19450.0
2025-06-18 18:22:54,0.0,10.86,2.4765,902.14,19450.0
2025-06-18 18:22:55,0.0,11.27,2.5982,904.74,20184.3
2025-06-18 18:22:56,0.0,10.86,2.4753,907.22,19450.0
2025-06-18 18:22:58,0.0,10.97,2.5017,909.72,19647.01
2025-06-18 18:22:59,0.0,10.72,2.4448,912.16,19199.27
2025-06-18 18:23:00,0.0,11.19,2.5503,914.71,20041.02
2025-06-18 18:23:01,0.0,11.16,2.5463,917.26,19987.3
2025-06-18 18:23:02,0.0,10.99,2.5066,919.77,19682.83
2025-06-18 18:23:03,0.0,10.83,2.4683,922.24,19396.27
2025-06-18 18:23:04,0.0,11.05,2.5207,924.76,19790.29
2025-06-18 18:23:05,0.0,10.74,2.4488,927.2,19235.09
2025-06-18 18:23:06,0.0,10.74,2.4481,929.65,19235.09
2025-06-18 18:23:07,0.0,11.22,2.56,932.21,20094.75
2025-06-18 18:23:08,0.0,10.97,2.5001,934.71,19647.01
2025-06-18 18:23:09,0.0,11.47,2.6161,937.33,20542.5
2025-06-18 18:23:11,0.0,11.08,2.5257,939.85,19844.02
2025-06-18 18:23:12,0.0,10.99,2.5059,942.36,19682.83
2025-06-18 18:23:13,0.0,10.91,2.4879,944.85,19539.55
2025-06-18 18:23:14,0.0,11.02,2.512,947.36,19736.56
2025-06-18 18:23:15,0.0,11.16,2.545,949.91,19987.3
2025-06-18 18:23:16,0.0,10.91,2.4871,952.39,19539.55
2025-06-18 18:23:17,0.0,10.99,2.5074,954.9,19682.83
2025-06-18 18:23:18,0.0,10.63,2.4239,957.32,19038.08
2025-06-18 18:23:19,0.0,11.13,2.5366,959.86,19933.57
2025-06-18 18:23:20,0.0,10.8,2.4633,962.32,19342.54
2025-06-18 18:23:21,0.0,10.66,2.4307,964.75,19091.81
2025-06-18 18:23:22,0.0,11.05,2.5838,967.34,19790.29
2025-06-18 18:23:24,0.0,10.97,2.5061,969.84,19647.01
2025-06-18 18:23:25,0.0,10.86,2.477,972.32,19450.0
2025-06-18 18:23:26,0.0,10.97,2.5019,974.82,19647.01
2025-06-18 18:23:27,0.0,10.83,2.4687,977.29,19396.27
2025-06-18 18:23:28,0.0,10.77,2.4558,979.75,19288.81
2025-06-18 18:23:29,0.0,10.83,2.4689,982.22,19396.27
2025-06-18 18:23:30,0.0,10.88,2.4823,984.7,19485.82
2025-06-18 18:23:31,0.0,11.08,2.5257,987.22,19844.02
2025-06-18 18:23:32,0.0,10.94,2.4937,989.72,19593.28
2025-06-18 18:23:33,0.0,10.66,2.4318,992.15,19091.81
2025-06-18 18:23:34,0.0,11.05,2.5192,994.67,19790.29
2025-06-18 18:23:35,0.0,10.55,2.405,997.07,18894.8
2025-06-18 18:23:36,0.0,11.08,2.5266,999.6,19844.02
2025-06-18 18:23:38,0.0,11.08,2.527,1002.13,19844.02
2025-06-18 18:23:39,0.0,11.22,2.5598,1004.69,20094.75
2025-06-18 18:23:40,0.0,11.08,2.5257,1007.21,19844.02
2025-06-18 18:23:41,0.0,10.83,2.4708,1009.68,19396.27
2025-06-18 18:23:42,0.0,10.91,2.4855,1012.17,19539.55
2025-06-18 18:23:43,0.0,10.88,2.482,1014.65,19485.82
2025-06-18 18:23:44,0.0,10.94,2.4931,1017.14,19593.28
2025-06-18 18:23:45,0.0,11.02,2.5129,1019.66,19736.56
2025-06-18 18:23:46,0.0,10.97,2.5008,1022.16,19647.01
2025-06-18 18:23:47,0.0,10.41,2.3738,1024.53,18644.06
2025-06-18 18:23:48,0.0,10.66,2.4309,1026.96,19091.81
2025-06-18 18:23:49,0.0,10.88,2.4811,1029.44,19485.82
2025-06-18 18:23:51,0.0,10.63,2.4234,1031.87,19038.08
2025-06-18 18:23:52,0.0,10.91,2.4898,1034.36,19539.55
2025-06-18 18:23:53,0.0,11.13,2.536,1036.89,19933.57
2025-06-18 18:23:54,0.0,11.24,2.6119,1039.51,20130.57
2025-06-18 18:23:55,0.0,10.86,2.4962,1042.0,19450.0
2025-06-18 18:23:56,0.0,11.16,2.5451,1044.55,19987.3
2025-06-18 18:23:57,0.0,11.11,2.5345,1047.08,19897.75
2025-06-18 18:23:58,0.0,10.97,2.5005,1049.58,19647.01
2025-06-18 18:23:59,0.0,10.86,2.5839,1052.17,19450.0
2025-06-18 18:24:00,0.0,10.77,2.4725,1054.64,19288.81
2025-06-18 18:24:01,0.0,11.27,2.5833,1057.22,20184.3
2025-06-18 18:24:03,0.0,10.88,2.5092,1059.73,19485.82
2025-06-18 18:24:04,0.0,11.16,2.5455,1062.28,19987.3
2025-06-18 18:24:05,0.0,10.94,2.5604,1064.84,19593.28
2025-06-18 18:24:06,0.0,10.63,2.4258,1067.26,19038.08
2025-06-18 18:24:07,0.0,10.94,2.4956,1069.76,19593.28
2025-06-18 18:24:08,0.0,10.52,2.3983,1072.16,18841.07
2025-06-18 18:24:09,0.0,10.94,2.4945,1074.65,19593.28
2025-06-18 18:24:10,0.0,11.19,2.5509,1077.2,20041.02
2025-06-18 18:24:11,0.0,11.24,2.5648,1079.77,20130.57
2025-06-18 18:24:12,0.0,11.02,2.5116,1082.28,19736.56
2025-06-18 18:24:13,0.0,10.72,2.4444,1084.72,19199.27
2025-06-18 18:24:14,0.0,11.3,2.5762,1087.3,20238.03
2025-06-18 18:24:15,0.0,11.08,2.5263,1089.82,19844.02
2025-06-18 18:24:17,0.0,10.86,2.4766,1092.3,19450.0
2025-06-18 18:24:18,0.0,11.08,2.5264,1094.83,19844.02
2025-06-18 18:24:19,0.0,10.8,2.4617,1097.29,19342.54
2025-06-18 18:24:20,0.0,11.13,2.5392,1099.83,19933.57
2025-06-18 18:24:21,0.0,10.94,2.4934,1102.32,19593.28
2025-06-18 18:24:22,0.0,11.11,2.533,1104.86,19897.75
2025-06-18 18:24:23,0.0,11.22,2.5604,1107.42,20094.75
2025-06-18 18:24:24,0.0,10.88,2.4797,1109.9,19485.82
2025-06-18 18:24:25,0.0,11.11,2.5342,1112.43,19897.75
2025-06-18 18:24:26,0.0,10.99,2.5046,1114.93,19682.83
2025-06-18 18:24:27,0.0,11.38,2.5949,1117.53,20381.31
2025-06-18 18:24:28,0.0,11.13,2.539,1120.07,19933.57
2025-06-18 18:24:30,0.0,11.08,2.5254,1122.59,19844.02
2025-06-18 18:24:31,0.0,11.08,2.5274,1125.12,19844.02
2025-06-18 18:24:32,0.0,11.13,2.537,1127.66,19933.57
2025-06-18 18:24:33,0.0,11.27,2.5707,1130.23,20184.3
2025-06-18 18:24:34,0.0,10.99,2.5047,1132.73,19682.83
2025-06-18 18:24:35,0.0,11.13,2.5391,1135.27,19933.57
2025-06-18 18:24:36,0.0,11.19,2.6055,1137.88,20041.02
2025-06-18 18:24:37,0.0,11.47,2.6316,1140.51,20542.5
2025-06-18 18:24:38,0.0,11.08,2.5262,1143.04,19844.02
2025-06-18 18:24:39,0.0,10.88,2.481,1145.52,19485.82
2025-06-18 18:24:40,0.0,11.08,2.5272,1148.04,19844.02
2025-06-18 18:24:41,0.0,11.08,2.5256,1150.57,19844.02
2025-06-18 18:24:43,0.0,11.08,2.5265,1153.1,19844.02
2025-06-18 18:24:44,0.0,10.88,2.4819,1155.58,19485.82
2025-06-18 18:24:45,0.0,10.47,2.3869,1157.96,18751.52
2025-06-18 18:24:46,0.0,10.88,2.4796,1160.44,19485.82
2025-06-18 18:24:47,0.0,10.86,2.4789,1162.92,19450.0
2025-06-18 18:24:48,0.0,11.19,2.549,1165.47,20041.02
2025-06-18 18:24:49,0.0,11.16,2.5463,1168.02,19987.3
2025-06-18 18:24:50,0.0,10.99,2.5054,1170.52,19682.83
2025-06-18 18:24:51,0.0,10.91,2.4877,1173.01,19539.55
2025-06-18 18:24:52,0.0,10.8,2.4616,1175.47,19342.54
2025-06-18 18:24:53,0.0,10.88,2.4805,1177.95,19485.82
2025-06-18 18:24:54,0.0,10.33,2.3566,1180.31,18500.79
2025-06-18 18:24:55,0.0,10.99,2.5066,1182.82,19682.83
2025-06-18 18:24:57,0.0,10.86,2.4756,1185.29,19450.0
2025-06-18 18:24:58,0.0,11.08,2.5261,1187.82,19844.02
2025-06-18 18:24:59,0.0,11.13,2.5385,1190.36,19933.57
2025-06-18 18:25:00,0.0,10.88,2.4799,1192.84,19485.82
2025-06-18 18:25:01,0.0,10.8,2.4634,1195.3,19342.54
2025-06-18 18:25:02,0.0,10.8,2.4627,1197.76,19342.54
2025-06-18 18:25:03,0.0,11.11,2.531,1200.29,19897.75
2025-06-18 18:25:04,0.0,10.88,2.4815,1202.78,19485.82
2025-06-18 18:25:05,0.0,10.44,2.381,1205.16,18697.79
2025-06-18 18:25:06,0.0,11.02,2.514,1207.67,19736.56
2025-06-18 18:25:07,0.0,10.66,2.509,1210.18,19091.81
2025-06-18 18:25:08,0.0,10.86,2.492,1212.67,19450.0
2025-06-18 18:25:10,0.0,11.05,2.5194,1215.19,19790.29
2025-06-18 18:25:11,0.0,10.8,2.4632,1217.65,19342.54
2025-06-18 18:25:12,0.0,11.16,2.5447,1220.2,19987.3
2025-06-18 18:25:13,0.0,10.97,2.5006,1222.7,19647.01
2025-06-18 18:25:14,0.0,11.36,2.5907,1225.29,20345.49
2025-06-18 18:25:15,0.0,10.66,2.4303,1227.72,19091.81
2025-06-18 18:25:16,0.0,10.97,2.5027,1230.22,19647.01
2025-06-18 18:25:17,0.0,10.97,2.5001,1232.72,19647.01
2025-06-18 18:25:18,0.0,11.08,2.5267,1235.25,19844.02
2025-06-18 18:25:19,0.0,10.8,2.4626,1237.71,19342.54
2025-06-18 18:25:20,0.0,10.88,2.4822,1240.19,19485.82
2025-06-18 18:25:21,0.0,11.08,2.5249,1242.72,19844.02
2025-06-18 18:25:23,0.0,11.24,2.5624,1245.28,20130.57
2025-06-18 18:25:24,0.0,10.94,2.4948,1247.78,19593.28
2025-06-18 18:25:25,0.0,10.49,2.3914,1250.17,18787.34
2025-06-18 18:25:26,0.0,11.11,2.5331,1252.7,19897.75
2025-06-18 18:25:27,0.0,10.99,2.5067,1255.21,19682.83
2025-06-18 18:25:28,0.0,10.61,2.4194,1257.63,19002.26
2025-06-18 18:25:29,0.0,11.16,2.5449,1260.17,19987.3
2025-06-18 18:25:30,0.0,11.05,2.5193,1262.69,19790.29
2025-06-18 18:25:31,0.0,10.91,2.4885,1265.18,19539.55
2025-06-18 18:25:32,0.0,11.22,2.5573,1267.74,20094.75
2025-06-18 18:25:33,0.0,11.36,2.5903,1270.33,20345.49
2025-06-18 18:25:34,0.0,11.02,2.513,1272.84,19736.56
2025-06-18 18:25:35,0.0,10.66,2.431,1275.27,19091.81
2025-06-18 18:25:37,0.0,11.08,2.5257,1277.8,19844.02
2025-06-18 18:25:38,0.0,11.08,2.5263,1280.32,19844.02
2025-06-18 18:25:39,0.0,10.69,2.4822,1282.81,19145.54
2025-06-18 18:25:40,0.0,10.47,2.3844,1285.19,18751.52
2025-06-18 18:25:41,0.0,11.24,2.5618,1287.75,20130.57
2025-06-18 18:25:42,0.0,11.08,2.5263,1290.28,19844.02
2025-06-18 18:25:43,0.0,11.08,2.5271,1292.81,19844.02
2025-06-18 18:25:44,0.0,11.05,2.5195,1295.33,19790.29
2025-06-18 18:25:45,0.0,11.3,2.5768,1297.9,20238.03
2025-06-18 18:25:46,0.0,10.94,2.4943,1300.4,19593.28
2025-06-18 18:25:47,0.0,10.91,2.4883,1302.88,19539.55
2025-06-18 18:25:48,0.0,11.13,2.5373,1305.42,19933.57
2025-06-18 18:25:50,0.0,10.97,2.5019,1307.92,19647.01
2025-06-18 18:25:51,0.0,11.24,2.5624,1310.49,20130.57
2025-06-18 18:25:52,0.0,10.88,2.4808,1312.97,19485.82
2025-06-18 18:25:53,0.0,10.88,2.4808,1315.45,19485.82
2025-06-18 18:25:54,0.0,11.05,2.5183,1317.97,19790.29
2025-06-18 18:25:55,0.0,10.91,2.489,1320.46,19539.55
2025-06-18 18:25:56,0.0,10.91,2.4863,1322.94,19539.55
2025-06-18 18:25:57,0.0,10.72,2.4445,1325.39,19199.27
2025-06-18 18:25:58,0.0,10.99,2.5061,1327.89,19682.83
2025-06-18 18:25:59,0.0,10.8,2.4625,1330.35,19342.54
2025-06-18 18:26:00,0.0,10.94,2.4953,1332.85,19593.28
2025-06-18 18:26:01,0.0,10.74,2.4478,1335.3,19235.09
2025-06-18 18:26:03,0.0,11.08,2.5264,1337.82,19844.02
2025-06-18 18:26:04,0.0,11.13,2.5405,1340.36,19933.57
2025-06-18 18:26:05,0.0,10.99,2.5057,1342.87,19682.83
2025-06-18 18:26:06,0.0,10.91,2.4874,1345.36,19539.55
2025-06-18 18:26:07,0.0,10.88,2.4809,1347.84,19485.82
2025-06-18 18:26:08,0.0,10.88,2.4793,1350.32,19485.82
2025-06-18 18:26:09,0.0,10.66,2.4302,1352.75,19091.81
2025-06-18 18:26:10,0.0,10.94,2.5852,1355.33,19593.28
2025-06-18 18:26:11,0.0,11.16,2.5532,1357.89,19987.3
2025-06-18 18:26:12,0.0,11.05,2.5191,1360.41,19790.29
2025-06-18 18:26:13,0.0,10.83,2.469,1362.87,19396.27
2025-06-18 18:26:14,0.0,11.05,2.5208,1365.4,19790.29
2025-06-18 18:26:16,0.0,11.24,2.5616,1367.96,20130.57
2025-06-18 18:26:17,0.0,10.91,2.4877,1370.44,19539.55
2025-06-18 18:26:18,0.0,10.49,2.3914,1372.84,18787.34
2025-06-18 18:26:19,0.0,10.86,2.4764,1375.31,19450.0
2025-06-18 18:26:20,0.0,10.94,2.4948,1377.81,19593.28
2025-06-18 18:26:21,0.0,10.99,2.5067,1380.31,19682.83
2025-06-18 18:26:22,0.0,10.86,2.4765,1382.79,19450.0
2025-06-18 18:26:23,0.0,10.88,2.4806,1385.27,19485.82
2025-06-18 18:26:24,0.0,10.94,2.4938,1387.76,19593.28
2025-06-18 18:26:25,0.0,10.66,2.4304,1390.2,19091.81
2025-06-18 18:26:26,0.0,11.08,2.5268,1392.72,19844.02
2025-06-18 18:26:27,0.0,10.77,2.4565,1395.18,19288.81
2025-06-18 18:26:28,0.0,11.11,2.5327,1397.71,19897.75
2025-06-18 18:26:30,0.0,10.97,2.5004,1400.21,19647.01
2025-06-18 18:26:31,0.0,11.02,2.5143,1402.73,19736.56
2025-06-18 18:26:32,0.0,11.33,2.583,1405.31,20291.76
2025-06-18 18:26:33,0.0,10.66,2.4319,1407.74,19091.81
2025-06-18 18:26:34,0.0,10.8,2.4602,1410.2,19342.54
2025-06-18 18:26:35,0.0,10.58,2.4134,1412.61,18948.53
2025-06-18 18:26:36,0.0,10.91,2.4888,1415.1,19539.55
2025-06-18 18:26:37,0.0,10.69,2.437,1417.54,19145.54
2025-06-18 18:26:38,0.0,10.74,2.4497,1419.99,19235.09
2025-06-18 18:26:39,0.0,10.61,2.4178,1422.41,19002.26
2025-06-18 18:26:40,0.0,10.66,2.4318,1424.84,19091.81
2025-06-18 18:26:41,0.0,11.22,2.623,1427.46,20094.75
2025-06-18 18:26:43,0.0,10.58,2.4174,1429.88,18948.53
2025-06-18 18:26:44,0.0,10.88,2.4808,1432.36,19485.82
2025-06-18 18:26:45,0.0,10.33,2.3547,1434.72,18500.79
2025-06-18 18:26:46,0.0,11.24,2.5632,1437.28,20130.57
2025-06-18 18:26:47,0.0,11.02,2.5145,1439.79,19736.56
2025-06-18 18:26:48,0.0,10.44,2.38,1442.17,18697.79
2025-06-18 18:26:49,0.0,11.05,2.5188,1444.69,19790.29
2025-06-18 18:26:50,0.0,10.83,2.4687,1447.16,19396.27
2025-06-18 18:26:51,0.0,11.05,2.5203,1449.68,19790.29
2025-06-18 18:26:52,0.0,11.08,2.5263,1452.21,19844.02
2025-06-18 18:26:53,0.0,10.77,2.4553,1454.66,19288.81
2025-06-18 18:26:54,0.0,10.88,2.4813,1457.14,19485.82
2025-06-18 18:26:55,0.0,11.05,2.5197,1459.66,19790.29
2025-06-18 18:26:57,0.0,10.61,2.4181,1462.08,19002.26
2025-06-18 18:26:58,0.0,10.69,2.4388,1464.52,19145.54
2025-06-18 18:26:59,0.0,10.83,2.4696,1466.99,19396.27
2025-06-18 18:27:00,0.0,10.88,2.4809,1469.47,19485.82
2025-06-18 18:27:01,0.0,11.16,2.5459,1472.02,19987.3
2025-06-18 18:27:02,0.0,11.08,2.5249,1474.54,19844.02
2025-06-18 18:27:03,0.0,11.05,2.5205,1477.06,19790.29
2025-06-18 18:27:04,0.0,10.94,2.5074,1479.57,19593.28
2025-06-18 18:27:05,0.0,10.69,2.4505,1482.02,19145.54
2025-06-18 18:27:06,0.0,10.88,2.4809,1484.5,19485.82
2025-06-18 18:27:07,0.0,10.8,2.4636,1486.96,19342.54
2025-06-18 18:27:08,0.0,10.72,2.4438,1489.41,19199.27
2025-06-18 18:27:10,0.0,10.94,2.4945,1491.9,19593.28
2025-06-18 18:27:11,0.0,11.11,2.5333,1494.44,19897.75
2025-06-18 18:27:12,0.0,11.05,2.5197,1496.96,19790.29
2025-06-18 18:27:13,0.0,10.88,2.5253,1499.48,19485.82
2025-06-18 18:27:14,0.0,10.69,2.4353,1501.92,19145.54
2025-06-18 18:27:15,0.0,11.22,2.5574,1504.47,20094.75
2025-06-18 18:27:16,0.0,11.08,2.5407,1507.01,19844.02
2025-06-18 18:27:17,0.0,10.66,2.445,1509.46,19091.81
2025-06-18 18:27:18,0.0,10.77,2.5449,1512.0,19288.81
2025-06-18 18:27:19,0.0,10.97,2.5069,1514.51,19647.01
2025-06-18 18:27:20,0.0,10.99,2.5061,1517.02,19682.83
2025-06-18 18:27:22,0.0,10.69,2.4374,1519.45,19145.54
2025-06-18 18:27:23,0.0,11.05,2.5207,1521.98,19790.29
2025-06-18 18:27:24,0.0,11.08,2.5278,1524.5,19844.02
2025-06-18 18:27:25,0.0,10.83,2.4814,1526.98,19396.27
2025-06-18 18:27:26,0.0,10.77,2.456,1529.44,19288.81
2025-06-18 18:27:27,0.0,11.08,2.5263,1531.97,19844.02
2025-06-18 18:27:28,0.0,10.77,2.4698,1534.44,19288.81
2025-06-18 18:27:29,0.0,10.8,2.4748,1536.91,19342.54
2025-06-18 18:27:30,0.0,11.11,2.5334,1539.44,19897.75
2025-06-18 18:27:31,0.0,10.77,2.456,1541.9,19288.81
2025-06-18 18:27:32,0.0,10.83,2.4702,1544.37,19396.27
2025-06-18 18:27:33,0.0,10.8,2.4626,1546.83,19342.54
2025-06-18 18:27:34,0.0,10.86,2.4754,1549.31,19450.0
2025-06-18 18:27:36,0.0,10.61,2.4197,1551.73,19002.26
2025-06-18 18:27:37,0.0,11.13,2.538,1554.27,19933.57
2025-06-18 18:27:38,0.0,10.83,2.4687,1556.74,19396.27
2025-06-18 18:27:39,0.0,10.99,2.5064,1559.24,19682.83
2025-06-18 18:27:40,0.0,10.97,2.502,1561.74,19647.01
2025-06-18 18:27:41,0.0,10.94,2.4937,1564.24,19593.28
2025-06-18 18:27:42,0.0,10.94,2.4945,1566.73,19593.28
2025-06-18 18:27:43,0.0,10.63,2.424,1569.16,19038.08
2025-06-18 18:27:44,0.0,10.97,2.5008,1571.66,19647.01
2025-06-18 18:27:45,0.0,10.94,2.4965,1574.15,19593.28
2025-06-18 18:27:46,0.0,10.99,2.5046,1576.66,19682.83
2025-06-18 18:27:47,0.0,10.99,2.5059,1579.16,19682.83
2025-06-18 18:27:49,0.0,10.61,2.4187,1581.58,19002.26
2025-06-18 18:27:50,0.0,11.16,2.5599,1584.14,19987.3
2025-06-18 18:27:51,0.0,10.77,2.4681,1586.61,19288.81
2025-06-18 18:27:52,0.0,10.69,2.4374,1589.05,19145.54
2025-06-18 18:27:53,0.0,10.88,2.4797,1591.53,19485.82
2025-06-18 18:27:54,0.0,10.97,2.5017,1594.03,19647.01
2025-06-18 18:27:55,0.0,11.11,2.5338,1596.56,19897.75
2025-06-18 18:27:56,0.0,10.77,2.4551,1599.02,19288.81
2025-06-18 18:27:57,0.0,10.77,2.4561,1601.47,19288.81
2025-06-18 18:27:58,0.0,11.13,2.5378,1604.01,19933.57
2025-06-18 18:27:59,0.0,10.8,2.4621,1606.47,19342.54
2025-06-18 18:28:00,0.0,11.08,2.5264,1609.0,19844.02
2025-06-18 18:28:01,0.0,10.83,2.4696,1611.47,19396.27
2025-06-18 18:28:03,0.0,10.94,2.4944,1613.96,19593.28
2025-06-18 18:28:04,0.0,11.36,2.5902,1616.55,20345.49
2025-06-18 18:28:05,0.0,11.36,2.5904,1619.15,20345.49
2025-06-18 18:28:06,0.0,10.72,2.4441,1621.59,19199.27
2025-06-18 18:28:07,0.0,10.94,2.495,1624.08,19593.28
2025-06-18 18:28:08,0.0,11.05,2.5193,1626.6,19790.29
2025-06-18 18:28:09,0.0,10.94,2.4942,1629.1,19593.28
2025-06-18 18:28:10,0.0,10.91,2.4884,1631.59,19539.55
2025-06-18 18:28:11,0.0,10.99,2.5068,1634.09,19682.83
2025-06-18 18:28:12,0.0,11.02,2.5122,1636.61,19736.56
2025-06-18 18:28:13,0.0,11.08,2.5262,1639.13,19844.02
2025-06-18 18:28:14,0.0,10.88,2.4818,1641.61,19485.82
2025-06-18 18:28:16,0.0,10.99,2.5062,1644.12,19682.83
2025-06-18 18:28:17,0.0,10.47,2.3873,1646.51,18751.52
2025-06-18 18:28:18,0.0,10.91,2.4892,1649.0,19539.55
2025-06-18 18:28:19,0.0,10.47,2.3858,1651.38,18751.52
2025-06-18 18:28:20,0.0,10.83,2.4693,1653.85,19396.27
2025-06-18 18:28:21,0.0,11.11,2.5974,1656.45,19897.75
2025-06-18 18:28:22,0.0,10.86,2.4825,1658.93,19450.0
2025-06-18 18:28:23,0.0,10.86,2.4758,1661.41,19450.0
2025-06-18 18:28:24,0.0,10.88,2.4823,1663.89,19485.82
2025-06-18 18:28:25,0.0,10.88,2.4788,1666.37,19485.82
2025-06-18 18:28:26,0.0,11.13,2.5384,1668.91,19933.57
2025-06-18 18:28:27,0.0,10.97,2.5016,1671.41,19647.01
2025-06-18 18:28:29,0.0,11.13,2.5379,1673.95,19933.57
2025-06-18 18:28:30,0.0,10.94,2.4951,1676.44,19593.28
2025-06-18 18:28:31,0.0,11.16,2.5436,1678.98,19987.3
2025-06-18 18:28:32,0.0,11.24,2.5638,1681.55,20130.57
2025-06-18 18:28:33,0.0,11.11,2.534,1684.08,19897.75
2025-06-18 18:28:34,0.0,11.05,2.5202,1686.6,19790.29
2025-06-18 18:28:35,0.0,10.94,2.4929,1689.09,19593.28
2025-06-18 18:28:36,0.0,11.22,2.5574,1691.65,20094.75
2025-06-18 18:28:37,0.0,10.91,2.4893,1694.14,19539.55
2025-06-18 18:28:38,0.0,10.94,2.4925,1696.63,19593.28
2025-06-18 18:28:39,0.0,10.97,2.5029,1699.14,19647.01
2025-06-18 18:28:40,0.0,10.83,2.4697,1701.61,19396.27
2025-06-18 18:28:41,0.0,10.83,2.4701,1704.08,19396.27
2025-06-18 18:28:43,0.0,10.94,2.4958,1706.57,19593.28
2025-06-18 18:28:44,0.0,11.05,2.5171,1709.09,19790.29
2025-06-18 18:28:45,0.0,10.61,2.4188,1711.51,19002.26
2025-06-18 18:28:46,0.0,10.88,2.4828,1713.99,19485.82
2025-06-18 18:28:47,0.0,11.02,2.5117,1716.5,19736.56
2025-06-18 18:28:48,0.0,11.33,2.5835,1719.09,20291.76
2025-06-18 18:28:49,0.0,10.61,2.4191,1721.51,19002.26
2025-06-18 18:28:50,0.0,10.74,2.4488,1723.95,19235.09
2025-06-18 18:28:51,0.0,10.63,2.4245,1726.38,19038.08
2025-06-18 18:28:52,0.0,10.77,2.5513,1728.93,19288.81
2025-06-18 18:28:53,0.0,10.66,2.4433,1731.37,19091.81
2025-06-18 18:28:54,0.0,11.05,2.52,1733.89,19790.29
2025-06-18 18:28:56,0.0,11.38,2.5938,1736.49,20381.31
2025-06-18 18:28:57,0.0,10.55,2.4063,1738.89,18894.8
2025-06-18 18:28:58,0.0,10.74,2.4484,1741.34,19235.09
2025-06-18 18:28:59,0.0,10.41,2.3738,1743.72,18644.06
2025-06-18 18:29:00,0.0,10.88,2.4944,1746.21,19485.82
2025-06-18 18:29:01,0.0,10.8,2.4765,1748.69,19342.54
2025-06-18 18:29:02,0.0,10.97,2.5016,1751.19,19647.01
2025-06-18 18:29:03,0.0,10.97,2.5015,1753.69,19647.01
2025-06-18 18:29:04,0.0,10.86,2.4761,1756.17,19450.0
2025-06-18 18:29:05,0.0,10.86,2.477,1758.64,19450.0
2025-06-18 18:29:06,0.0,10.41,2.3734,1761.02,18644.06
2025-06-18 18:29:07,0.0,10.52,2.3983,1763.41,18841.07
2025-06-18 18:29:09,0.0,10.61,2.4181,1765.83,19002.26
2025-06-18 18:29:10,0.0,10.91,2.4883,1768.32,19539.55
2025-06-18 18:29:11,0.0,11.05,2.5195,1770.84,19790.29
2025-06-18 18:29:12,0.0,11.11,2.5327,1773.37,19897.75
2025-06-18 18:29:13,0.0,10.94,2.4954,1775.87,19593.28
2025-06-18 18:29:14,0.0,10.97,2.5012,1778.37,19647.01
2025-06-18 18:29:15,0.0,10.99,2.5063,1780.88,19682.83
2025-06-18 18:29:16,0.0,10.86,2.4771,1783.35,19450.0
2025-06-18 18:29:17,0.0,10.99,2.5052,1785.86,19682.83
2025-06-18 18:29:18,0.0,10.91,2.4873,1788.35,19539.55
2025-06-18 18:29:19,0.0,10.94,2.4952,1790.84,19593.28
2025-06-18 18:29:20,0.0,10.99,2.5072,1793.35,19682.83
2025-06-18 18:29:21,0.0,10.55,2.4029,1795.75,18894.8
2025-06-18 18:29:23,0.0,10.86,2.4785,1798.23,19450.0
2025-06-18 18:29:24,0.0,11.08,2.5546,1800.78,19844.02
2025-06-18 18:29:25,0.0,10.77,2.4558,1803.24,19288.81
2025-06-18 18:29:26,0.0,11.08,2.525,1805.77,19844.02
2025-06-18 18:29:27,0.0,11.02,2.5136,1808.28,19736.56
2025-06-18 18:29:28,0.0,11.05,2.519,1810.8,19790.29
2025-06-18 18:29:29,0.0,11.16,2.5457,1813.34,19987.3
2025-06-18 18:29:30,0.0,10.97,2.5,1815.84,19647.01
2025-06-18 18:29:31,0.0,10.97,2.5022,1818.35,19647.01
2025-06-18 18:29:32,0.0,11.13,2.5373,1820.88,19933.57
2025-06-18 18:29:33,0.0,11.33,2.5839,1823.47,20291.76
2025-06-18 18:29:34,0.0,11.24,2.5628,1826.03,20130.57
2025-06-18 18:29:36,0.0,10.99,2.5054,1828.53,19682.83
2025-06-18 18:29:37,0.0,10.86,2.4764,1831.01,19450.0
2025-06-18 18:29:38,0.0,10.91,2.4878,1833.5,19539.55
2025-06-18 18:29:39,0.0,10.72,2.4448,1835.94,19199.27
2025-06-18 18:29:40,0.0,10.74,2.4488,1838.39,19235.09
2025-06-18 18:29:41,0.0,11.05,2.5192,1840.91,19790.29
2025-06-18 18:29:42,0.0,10.77,2.4555,1843.37,19288.81
2025-06-18 18:29:43,0.0,10.97,2.5004,1845.87,19647.01
2025-06-18 18:29:44,0.0,11.24,2.5644,1848.43,20130.57
2025-06-18 18:29:45,0.0,10.91,2.4875,1850.92,19539.55
2025-06-18 18:29:46,0.0,10.66,2.4307,1853.35,19091.81
2025-06-18 18:29:47,0.0,11.05,2.519,1855.87,19790.29
2025-06-18 18:29:49,0.0,10.77,2.4563,1858.33,19288.81
2025-06-18 18:29:50,0.0,10.69,2.4375,1860.76,19145.54
2025-06-18 18:29:51,0.0,10.97,2.5027,1863.27,19647.01
2025-06-18 18:29:52,0.0,10.83,2.4687,1865.73,19396.27
2025-06-18 18:29:53,0.0,10.63,2.423,1868.16,19038.08
2025-06-18 18:29:54,0.0,10.74,2.4475,1870.61,19235.09
2025-06-18 18:29:55,0.0,10.55,2.4842,1873.09,18894.8
2025-06-18 18:29:56,0.0,11.19,2.5678,1875.66,20041.02
2025-06-18 18:29:57,0.0,10.86,2.4766,1878.13,19450.0
2025-06-18 18:29:58,0.0,10.86,2.4891,1880.62,19450.0
2025-06-18 18:29:59,0.0,10.8,2.4627,1883.09,19342.54
2025-06-18 18:30:00,0.0,10.91,2.5569,1885.64,19539.55
2025-06-18 18:30:02,0.0,10.88,2.4813,1888.12,19485.82
2025-06-18 18:30:03,0.0,10.47,2.3869,1890.51,18751.52
2025-06-18 18:30:04,0.0,10.99,2.5082,1893.02,19682.83
2025-06-18 18:30:05,0.0,10.66,2.4296,1895.45,19091.81
2025-06-18 18:30:06,0.0,10.58,2.4117,1897.86,18948.53
2025-06-18 18:30:07,0.0,11.16,2.5452,1900.41,19987.3
2025-06-18 18:30:08,0.0,11.08,2.5266,1902.93,19844.02
2025-06-18 18:30:09,0.0,10.91,2.4889,1905.42,19539.55
2025-06-18 18:30:10,0.0,10.52,2.3975,1907.82,18841.07
2025-06-18 18:30:11,0.0,11.05,2.5192,1910.34,19790.29
2025-06-18 18:30:12,0.0,10.77,2.4567,1912.79,19288.81
2025-06-18 18:30:13,0.0,11.13,2.5373,1915.33,19933.57
2025-06-18 18:30:15,0.0,11.08,2.5268,1917.86,19844.02
2025-06-18 18:30:16,0.0,10.83,2.4696,1920.33,19396.27
2025-06-18 18:30:17,0.0,10.66,2.4294,1922.76,19091.81
2025-06-18 18:30:18,0.0,11.24,2.5779,1925.34,20130.57
2025-06-18 18:30:19,0.0,11.08,2.5409,1927.88,19844.02
2025-06-18 18:30:20,0.0,10.55,2.4052,1930.28,18894.8
2025-06-18 18:30:21,0.0,10.88,2.4812,1932.76,19485.82
2025-06-18 18:30:22,0.0,10.97,2.5012,1935.26,19647.01
2025-06-18 18:30:23,0.0,11.16,2.5439,1937.81,19987.3
2025-06-18 18:30:24,0.0,10.74,2.4501,1940.26,19235.09
2025-06-18 18:30:25,0.0,10.83,2.4693,1942.73,19396.27
2025-06-18 18:30:26,0.0,11.19,2.552,1945.28,20041.02
2025-06-18 18:30:27,0.0,11.11,2.534,1947.81,19897.75
2025-06-18 18:30:29,0.0,11.19,2.5492,1950.36,20041.02
2025-06-18 18:30:30,0.0,10.99,2.5064,1952.87,19682.83
2025-06-18 18:30:31,0.0,10.72,2.4449,1955.31,19199.27
2025-06-18 18:30:32,0.0,10.99,2.5674,1957.88,19682.83
2025-06-18 18:30:33,0.0,10.91,2.4964,1960.38,19539.55
2025-06-18 18:30:34,0.0,10.66,2.4308,1962.81,19091.81
2025-06-18 18:30:35,0.0,10.66,2.4301,1965.24,19091.81
2025-06-18 18:30:36,0.0,10.72,2.4441,1967.68,19199.27
2025-06-18 18:30:37,0.0,10.97,2.5012,1970.18,19647.01
2025-06-18 18:30:38,0.0,11.02,2.512,1972.7,19736.56
2025-06-18 18:30:39,0.0,10.44,2.3805,1975.08,18697.79
2025-06-18 18:30:40,0.0,10.88,2.4816,1977.56,19485.82
2025-06-18 18:30:42,0.0,10.86,2.4757,1980.03,19450.0
2025-06-18 18:30:43,0.0,11.02,2.5148,1982.55,19736.56
2025-06-18 18:30:44,0.0,10.55,2.4049,1984.95,18894.8
2025-06-18 18:30:45,0.0,10.8,2.4611,1987.41,19342.54
2025-06-18 18:30:46,0.0,10.97,2.5023,1989.92,19647.01
2025-06-18 18:30:47,0.0,10.55,2.4057,1992.32,18894.8
2025-06-18 18:30:48,0.0,10.83,2.471,1994.79,19396.27
2025-06-18 18:30:49,0.0,11.05,2.5174,1997.31,19790.29
2025-06-18 18:30:50,0.0,10.88,2.4802,1999.79,19485.82
2025-06-18 18:30:51,0.0,11.22,2.5589,2002.35,20094.75
2025-06-18 18:30:52,0.0,11.24,2.5632,2004.91,20130.57
2025-06-18 18:30:53,0.0,10.8,2.4622,2007.38,19342.54
2025-06-18 18:30:55,0.0,10.49,2.3918,2009.77,18787.34
2025-06-18 18:30:56,0.0,10.94,2.495,2012.26,19593.28
2025-06-18 18:30:57,0.0,11.02,2.5131,2014.78,19736.56
2025-06-18 18:30:58,0.0,11.16,2.544,2017.32,19987.3
2025-06-18 18:30:59,0.0,10.61,2.4197,2019.74,19002.26
2025-06-18 18:31:00,0.0,10.72,2.4446,2022.18,19199.27
2025-06-18 18:31:01,0.0,10.77,2.4561,2024.64,19288.81
2025-06-18 18:31:02,0.0,10.83,2.4687,2027.11,19396.27
2025-06-18 18:31:03,0.0,10.52,2.4659,2029.57,18841.07
2025-06-18 18:31:04,0.0,10.83,2.4685,2032.04,19396.27
2025-06-18 18:31:05,0.0,10.88,2.4806,2034.52,19485.82
2025-06-18 18:31:06,0.0,10.8,2.4641,2036.99,19342.54
2025-06-18 18:31:08,0.0,10.8,2.4628,2039.45,19342.54
2025-06-18 18:31:09,0.0,10.86,2.4758,2041.93,19450.0
2025-06-18 18:31:10,0.0,10.74,2.449,2044.37,19235.09
2025-06-18 18:31:11,0.0,10.63,2.4239,2046.8,19038.08
2025-06-18 18:31:12,0.0,11.11,2.5317,2049.33,19897.75
2025-06-18 18:31:13,0.0,10.74,2.4502,2051.78,19235.09
2025-06-18 18:31:14,0.0,10.88,2.4813,2054.26,19485.82
2025-06-18 18:31:15,0.0,10.94,2.4932,2056.76,19593.28
2025-06-18 18:31:16,0.0,10.74,2.4491,2059.2,19235.09
2025-06-18 18:31:17,0.0,10.52,2.3981,2061.6,18841.07
2025-06-18 18:31:18,0.0,10.97,2.502,2064.1,19647.01
2025-06-18 18:31:19,0.0,10.88,2.4819,2066.59,19485.82
2025-06-18 18:31:20,0.0,10.74,2.4622,2069.05,19235.09
2025-06-18 18:31:22,0.0,10.97,2.4872,2071.54,19647.01
2025-06-18 18:31:23,0.0,10.63,2.4368,2073.97,19038.08
2025-06-18 18:31:24,0.0,10.88,2.4813,2076.45,19485.82
2025-06-18 18:31:25,0.0,10.33,2.3551,2078.81,18500.79
2025-06-18 18:31:26,0.0,11.05,2.52,2081.33,19790.29
2025-06-18 18:31:27,0.0,10.61,2.4182,2083.75,19002.26
2025-06-18 18:31:28,0.0,10.83,2.4703,2086.22,19396.27
2025-06-18 18:31:29,0.0,11.08,2.5267,2088.74,19844.02
2025-06-18 18:31:30,0.0,11.13,2.5382,2091.28,19933.57
2025-06-18 18:31:31,0.0,11.27,2.5691,2093.85,20184.3
2025-06-18 18:31:32,0.0,10.58,2.4118,2096.26,18948.53
2025-06-18 18:31:33,0.0,11.22,2.5587,2098.82,20094.75
2025-06-18 18:31:35,0.0,10.94,2.5344,2101.36,19593.28
2025-06-18 18:31:36,0.0,11.11,2.5341,2103.89,19897.75
2025-06-18 18:31:37,0.0,11.27,2.5702,2106.46,20184.3
2025-06-18 18:31:38,0.0,10.97,2.5029,2108.96,19647.01
2025-06-18 18:31:39,0.0,10.99,2.5331,2111.5,19682.83
2025-06-18 18:31:40,0.0,10.94,2.4947,2113.99,19593.28
2025-06-18 18:31:41,0.0,10.88,2.4814,2116.47,19485.82
2025-06-18 18:31:42,0.0,10.69,2.437,2118.91,19145.54
2025-06-18 18:31:43,0.0,10.91,2.4885,2121.4,19539.55
2025-06-18 18:31:44,0.0,10.8,2.4605,2123.86,19342.54
2025-06-18 18:31:45,0.0,10.86,2.4767,2126.34,19450.0
2025-06-18 18:31:46,0.0,10.97,2.5015,2128.84,19647.01
2025-06-18 18:31:47,0.0,10.74,2.4489,2131.29,19235.09
2025-06-18 18:31:49,0.0,10.47,2.3881,2133.67,18751.52
2025-06-18 18:31:50,0.0,11.08,2.5262,2136.2,19844.02
2025-06-18 18:31:51,0.0,10.88,2.4812,2138.68,19485.82
2025-06-18 18:31:52,0.0,10.94,2.494,2141.18,19593.28
2025-06-18 18:31:53,0.0,10.97,2.4864,2143.66,19647.01
2025-06-18 18:31:54,0.0,10.94,2.4939,2146.16,19593.28
2025-06-18 18:31:55,0.0,10.52,2.3986,2148.55,18841.07
2025-06-18 18:31:56,0.0,11.02,2.5134,2151.07,19736.56
2025-06-18 18:31:57,0.0,10.63,2.4243,2153.49,19038.08
2025-06-18 18:31:58,0.0,11.24,2.5773,2156.07,20130.57
2025-06-18 18:31:59,0.0,10.58,2.4112,2158.48,18948.53
2025-06-18 18:32:00,0.0,10.24,2.3355,2160.82,18339.6
2025-06-18 18:32:02,0.0,10.88,2.4809,2163.3,19485.82
2025-06-18 18:32:03,0.0,10.86,2.4783,2165.77,19450.0
2025-06-18 18:32:04,0.0,11.11,2.5324,2168.31,19897.75
2025-06-18 18:32:05,0.0,10.86,2.4762,2170.78,19450.0
2025-06-18 18:32:06,0.0,10.77,2.5194,2173.3,19288.81
2025-06-18 18:32:07,0.0,10.63,2.4276,2175.73,19038.08
2025-06-18 18:32:08,0.0,10.88,2.4822,2178.21,19485.82
2025-06-18 18:32:09,0.0,10.94,2.4931,2180.71,19593.28
2025-06-18 18:32:10,0.0,10.69,2.4382,2183.14,19145.54
2025-06-18 18:32:11,0.0,10.66,2.4171,2185.56,19091.81
2025-06-18 18:32:12,0.0,10.77,2.4553,2188.02,19288.81
2025-06-18 18:32:13,0.0,10.97,2.5161,2190.53,19647.01
2025-06-18 18:32:15,0.0,10.58,2.4137,2192.95,18948.53
2025-06-18 18:32:16,0.0,10.69,2.438,2195.38,19145.54
2025-06-18 18:32:17,0.0,11.11,2.5313,2197.92,19897.75
2025-06-18 18:32:18,0.0,10.66,2.4314,2200.35,19091.81
2025-06-18 18:32:19,0.0,10.77,2.4552,2202.8,19288.81
2025-06-18 18:32:20,0.0,10.3,2.3486,2205.15,18447.06
2025-06-18 18:32:21,0.0,11.11,2.533,2207.68,19897.75
2025-06-18 18:32:22,0.0,10.66,2.4312,2210.11,19091.81
2025-06-18 18:32:23,0.0,10.77,2.4557,2212.57,19288.81
2025-06-18 18:32:24,0.0,10.88,2.4796,2215.05,19485.82
2025-06-18 18:32:25,0.0,11.22,2.5592,2217.61,20094.75
2025-06-18 18:32:26,0.0,11.08,2.5262,2220.14,19844.02
2025-06-18 18:32:27,0.0,11.08,2.5268,2222.66,19844.02
2025-06-18 18:32:29,0.0,10.74,2.4487,2225.11,19235.09
2025-06-18 18:32:30,0.0,10.55,2.406,2227.52,18894.8
2025-06-18 18:32:31,0.0,11.08,2.5258,2230.04,19844.02
2025-06-18 18:32:32,0.0,10.55,2.4056,2232.45,18894.8
2025-06-18 18:32:33,0.0,10.58,2.4133,2234.86,18948.53
2025-06-18 18:32:34,0.0,10.66,2.4293,2237.29,19091.81
2025-06-18 18:32:35,0.0,10.66,2.4322,2239.72,19091.81
2025-06-18 18:32:36,0.0,10.88,2.4802,2242.2,19485.82
2025-06-18 18:32:37,0.0,10.52,2.452,2244.66,18841.07
2025-06-18 18:32:38,0.0,11.02,2.5265,2247.18,19736.56
2025-06-18 18:32:39,0.0,10.44,2.3811,2249.56,18697.79
2025-06-18 18:32:40,0.0,10.88,2.4811,2252.04,19485.82
2025-06-18 18:32:42,0.0,10.97,2.5012,2254.55,19647.01
2025-06-18 18:32:43,0.0,10.72,2.4443,2256.99,19199.27
2025-06-18 18:32:44,0.0,10.86,2.4764,2259.47,19450.0
2025-06-18 18:32:45,0.0,10.8,2.4625,2261.93,19342.54
2025-06-18 18:32:46,0.0,10.94,2.4937,2264.42,19593.28
2025-06-18 18:32:47,0.0,10.74,2.4495,2266.87,19235.09
2025-06-18 18:32:48,0.0,10.86,2.476,2269.35,19450.0
2025-06-18 18:32:49,0.0,10.66,2.4314,2271.78,19091.81
2025-06-18 18:32:50,0.0,10.72,2.4425,2274.22,19199.27
2025-06-18 18:32:51,0.0,10.66,2.4314,2276.65,19091.81
2025-06-18 18:32:52,0.0,11.16,2.5449,2279.2,19987.3
2025-06-18 18:32:53,0.0,11.08,2.527,2281.72,19844.02
2025-06-18 18:32:55,0.0,11.24,2.5627,2284.29,20130.57
2025-06-18 18:32:56,0.0,10.77,2.455,2286.74,19288.81
2025-06-18 18:32:57,0.0,10.97,2.502,2289.24,19647.01
2025-06-18 18:32:58,0.0,10.47,2.3859,2291.63,18751.52
2025-06-18 18:32:59,0.0,10.74,2.4497,2294.08,19235.09
2025-06-18 18:33:00,0.0,10.61,2.4196,2296.5,19002.26
2025-06-18 18:33:01,0.0,10.88,2.4807,2298.98,19485.82
2025-06-18 18:33:02,0.0,11.13,2.5373,2301.52,19933.57
2025-06-18 18:33:03,0.0,10.91,2.4887,2304.01,19539.55
2025-06-18 18:33:04,0.0,10.74,2.4482,2306.45,19235.09
2025-06-18 18:33:05,0.0,10.86,2.477,2308.93,19450.0
2025-06-18 18:33:06,0.0,10.61,2.4191,2311.35,19002.26
2025-06-18 18:33:07,0.0,10.8,2.4619,2313.81,19342.54
2025-06-18 18:33:09,0.0,10.55,2.4677,2316.28,18894.8
2025-06-18 18:33:10,0.0,11.02,2.5176,2318.8,19736.56
2025-06-18 18:33:11,0.0,10.83,2.4728,2321.27,19396.27
2025-06-18 18:33:12,0.0,10.97,2.4981,2323.77,19647.01
2025-06-18 18:33:13,0.0,11.24,2.5635,2326.33,20130.57
2025-06-18 18:33:14,0.0,10.8,2.4628,2328.79,19342.54
2025-06-18 18:33:15,0.0,10.88,2.4817,2331.28,19485.82
2025-06-18 18:33:16,0.0,10.77,2.4548,2333.73,19288.81
2025-06-18 18:33:17,0.0,11.16,2.5438,2336.28,19987.3
2025-06-18 18:33:18,0.0,10.88,2.4823,2338.76,19485.82
2025-06-18 18:33:19,0.0,10.94,2.4933,2341.25,19593.28
2025-06-18 18:33:20,0.0,10.88,2.4819,2343.73,19485.82
2025-06-18 18:33:22,0.0,10.83,2.4689,2346.2,19396.27
2025-06-18 18:33:23,0.0,10.49,2.3915,2348.59,18787.34
2025-06-18 18:33:24,0.0,10.44,2.3802,2350.97,18697.79
2025-06-18 18:33:25,0.0,10.94,2.4951,2353.47,19593.28
2025-06-18 18:33:26,0.0,10.91,2.4881,2355.96,19539.55
2025-06-18 18:33:27,0.0,10.83,2.4679,2358.42,19396.27
2025-06-18 18:33:28,0.0,11.02,2.5146,2360.94,19736.56
2025-06-18 18:33:29,0.0,10.63,2.4238,2363.36,19038.08
2025-06-18 18:33:30,0.0,11.24,2.5613,2365.92,20130.57
2025-06-18 18:33:31,0.0,11.05,2.5207,2368.44,19790.29
2025-06-18 18:33:32,0.0,11.13,2.5371,2370.98,19933.57
2025-06-18 18:33:33,0.0,11.11,2.5335,2373.52,19897.75
2025-06-18 18:33:35,0.0,10.91,2.4873,2376.0,19539.55
2025-06-18 18:33:36,0.0,11.16,2.545,2378.55,19987.3
2025-06-18 18:33:37,0.0,10.72,2.4449,2380.99,19199.27
2025-06-18 18:33:38,0.0,10.55,2.4051,2383.4,18894.8
2025-06-18 18:33:39,0.0,10.86,2.4763,2385.87,19450.0
2025-06-18 18:33:40,0.0,10.77,2.5368,2388.41,19288.81
2025-06-18 18:33:41,0.0,10.77,2.4707,2390.88,19288.81
2025-06-18 18:33:42,0.0,10.61,2.4326,2393.31,19002.26
2025-06-18 18:33:43,0.0,10.72,2.4453,2395.76,19199.27
2025-06-18 18:33:44,0.0,10.94,2.4936,2398.25,19593.28
2025-06-18 18:33:45,0.0,11.05,2.5184,2400.77,19790.29
2025-06-18 18:33:46,0.0,10.83,2.4708,2403.24,19396.27
2025-06-18 18:33:48,0.0,10.49,2.3922,2405.63,18787.34
2025-06-18 18:33:49,0.0,10.47,2.3871,2408.02,18751.52
2025-06-18 18:33:50,0.0,10.86,2.4763,2410.5,19450.0
2025-06-18 18:33:51,0.0,10.94,2.4941,2412.99,19593.28
2025-06-18 18:33:52,0.0,10.66,2.4308,2415.42,19091.81
2025-06-18 18:33:53,0.0,10.97,2.5008,2417.92,19647.01
2025-06-18 18:33:54,0.0,10.49,2.3916,2420.32,18787.34
2025-06-18 18:33:55,0.0,11.11,2.5329,2422.85,19897.75
2025-06-18 18:33:56,0.0,10.83,2.469,2425.32,19396.27
2025-06-18 18:33:57,0.0,11.13,2.5384,2427.86,19933.57
2025-06-18 18:33:58,0.0,10.72,2.4439,2430.3,19199.27
2025-06-18 18:33:59,0.0,11.19,2.5514,2432.85,20041.02
2025-06-18 18:34:00,0.0,10.99,2.5064,2435.36,19682.83
2025-06-18 18:34:02,0.0,10.74,2.4492,2437.81,19235.09
2025-06-18 18:34:03,0.0,10.74,2.4489,2440.26,19235.09
2025-06-18 18:34:04,0.0,10.97,2.5029,2442.76,19647.01
2025-06-18 18:34:05,0.0,10.74,2.4475,2445.21,19235.09
2025-06-18 18:34:06,0.0,10.61,2.4201,2447.63,19002.26
2025-06-18 18:34:07,0.0,10.94,2.4946,2450.12,19593.28
2025-06-18 18:34:08,0.0,10.88,2.4798,2452.6,19485.82
2025-06-18 18:34:09,0.0,10.69,2.4381,2455.04,19145.54
2025-06-18 18:34:10,0.0,10.41,2.3736,2457.41,18644.06
2025-06-18 18:34:11,0.0,10.74,2.448,2459.86,19235.09
2025-06-18 18:34:12,0.0,10.77,2.4548,2462.31,19288.81
2025-06-18 18:34:13,0.0,10.97,2.5023,2464.82,19647.01
2025-06-18 18:34:15,0.0,10.97,2.5018,2467.32,19647.01
2025-06-18 18:34:16,0.0,10.97,2.5015,2469.82,19647.01
2025-06-18 18:34:17,0.0,10.66,2.4313,2472.25,19091.81
2025-06-18 18:34:18,0.0,10.99,2.5046,2474.76,19682.83
2025-06-18 18:34:19,0.0,10.74,2.4488,2477.2,19235.09
2025-06-18 18:34:20,0.0,10.63,2.4239,2479.63,19038.08
2025-06-18 18:34:21,0.0,10.91,2.4879,2482.12,19539.55
2025-06-18 18:34:22,0.0,10.97,2.5026,2484.62,19647.01
2025-06-18 18:34:23,0.0,11.02,2.511,2487.13,19736.56
2025-06-18 18:34:24,0.0,10.91,2.4884,2489.62,19539.55
2025-06-18 18:34:25,0.0,11.11,2.5326,2492.15,19897.75
2025-06-18 18:34:26,0.0,10.69,2.4371,2494.59,19145.54
2025-06-18 18:34:27,0.0,10.66,2.4315,2497.02,19091.81
2025-06-18 18:34:29,0.0,11.08,2.5269,2499.55,19844.02
2025-06-18 18:34:30,0.0,10.94,2.4936,2502.04,19593.28
2025-06-18 18:34:31,0.0,10.52,2.3993,2504.44,18841.07
2025-06-18 18:34:32,0.0,10.72,2.4442,2506.88,19199.27
2025-06-18 18:34:33,0.0,10.97,2.5024,2509.39,19647.01
2025-06-18 18:34:34,0.0,10.69,2.4381,2511.82,19145.54
2025-06-18 18:34:35,0.0,10.61,2.419,2514.24,19002.26
2025-06-18 18:34:36,0.0,11.05,2.5193,2516.76,19790.29
2025-06-18 18:34:37,0.0,10.63,2.4383,2519.2,19038.08
2025-06-18 18:34:38,0.0,11.05,2.5322,2521.73,19790.29
2025-06-18 18:34:39,0.0,10.8,2.4615,2524.19,19342.54
2025-06-18 18:34:40,0.0,10.83,2.4694,2526.66,19396.27
2025-06-18 18:34:42,0.0,10.97,2.502,2529.17,19647.01
2025-06-18 18:34:43,0.0,10.83,2.471,2531.64,19396.27
2025-06-18 18:34:44,0.0,10.99,2.5052,2534.14,19682.83
2025-06-18 18:34:45,0.0,10.63,2.4232,2536.57,19038.08
2025-06-18 18:34:46,0.0,10.74,2.4481,2539.01,19235.09
2025-06-18 18:34:47,0.0,10.41,2.3738,2541.39,18644.06
2025-06-18 18:34:48,0.0,10.38,2.3667,2543.75,18590.33
2025-06-18 18:34:49,0.0,10.86,2.477,2546.23,19450.0
2025-06-18 18:34:50,0.0,10.63,2.4244,2548.66,19038.08
2025-06-18 18:34:51,0.0,10.8,2.4636,2551.12,19342.54
2025-06-18 18:34:52,0.0,10.99,2.5044,2553.62,19682.83
2025-06-18 18:34:53,0.0,10.69,2.4379,2556.06,19145.54
2025-06-18 18:34:54,0.0,10.86,2.4753,2558.54,19450.0
2025-06-18 18:34:56,0.0,10.88,2.4811,2561.02,19485.82
2025-06-18 18:34:57,0.0,10.97,2.502,2563.52,19647.01
2025-06-18 18:34:58,0.0,10.72,2.4451,2565.96,19199.27
2025-06-18 18:34:59,0.0,10.61,2.419,2568.38,19002.26
2025-06-18 18:35:00,0.0,10.52,2.3984,2570.78,18841.07
2025-06-18 18:35:01,0.0,10.49,2.3929,2573.17,18787.34
2025-06-18 18:35:02,0.0,10.91,2.4867,2575.66,19539.55
2025-06-18 18:35:03,0.0,10.44,2.3806,2578.04,18697.79
2025-06-18 18:35:04,0.0,10.77,2.4567,2580.5,19288.81
2025-06-18 18:35:05,0.0,10.74,2.4479,2582.95,19235.09
2025-06-18 18:35:06,0.0,10.72,2.4457,2585.39,19199.27
2025-06-18 18:35:07,0.0,10.74,2.4497,2587.84,19235.09
2025-06-18 18:35:09,0.0,10.69,2.4821,2590.32,19145.54
2025-06-18 18:35:10,0.0,10.77,2.4633,2592.79,19288.81
2025-06-18 18:35:11,0.0,10.74,2.4617,2595.25,19235.09
2025-06-18 18:35:12,0.0,10.91,2.4892,2597.74,19539.55
2025-06-18 18:35:13,0.0,10.83,2.4689,2600.21,19396.27
2025-06-18 18:35:14,0.0,10.83,2.5497,2602.76,19396.27
2025-06-18 18:35:15,0.0,10.86,2.4926,2605.25,19450.0
2025-06-18 18:35:16,0.0,10.69,2.4382,2607.69,19145.54
2025-06-18 18:35:17,0.0,10.66,2.4299,2610.12,19091.81
2025-06-18 18:35:18,0.0,10.83,2.4689,2612.59,19396.27
2025-06-18 18:35:19,0.0,10.49,2.3914,2614.98,18787.34
2025-06-18 18:35:20,0.0,10.94,2.4944,2617.47,19593.28
2025-06-18 18:35:22,0.0,10.97,2.5023,2619.97,19647.01
2025-06-18 18:35:23,0.0,10.86,2.476,2622.45,19450.0
2025-06-18 18:35:24,0.0,11.02,2.5132,2624.96,19736.56
2025-06-18 18:35:25,0.0,10.55,2.4065,2627.37,18894.8
2025-06-18 18:35:26,0.0,10.99,2.505,2629.88,19682.83
2025-06-18 18:35:27,0.0,10.94,2.4948,2632.37,19593.28
2025-06-18 18:35:28,0.0,10.99,2.5049,2634.88,19682.83
2025-06-18 18:35:29,0.0,10.58,2.4123,2637.29,18948.53
2025-06-18 18:35:30,0.0,10.86,2.4764,2639.76,19450.0
2025-06-18 18:35:31,0.0,10.72,2.4439,2642.21,19199.27
2025-06-18 18:35:32,0.0,10.69,2.4378,2644.65,19145.54
2025-06-18 18:35:33,0.0,11.22,2.5604,2647.21,20094.75
2025-06-18 18:35:35,0.0,10.61,2.4173,2649.62,19002.26
2025-06-18 18:35:36,0.0,10.61,2.4196,2652.04,19002.26
2025-06-18 18:35:37,0.0,11.16,2.5453,2654.59,19987.3
2025-06-18 18:35:38,0.0,10.99,2.5055,2657.09,19682.83
2025-06-18 18:35:39,0.0,10.91,2.4892,2659.58,19539.55
2025-06-18 18:35:40,0.0,10.86,2.4742,2662.06,19450.0
2025-06-18 18:35:41,0.0,10.83,2.4697,2664.53,19396.27
2025-06-18 18:35:42,0.0,10.77,2.4558,2666.98,19288.81
2025-06-18 18:35:43,0.0,10.94,2.494,2669.48,19593.28
2025-06-18 18:35:44,0.0,10.8,2.4626,2671.94,19342.54
2025-06-18 18:35:45,0.0,10.8,2.5456,2674.48,19342.54
2025-06-18 18:35:46,0.0,10.52,2.4105,2676.9,18841.07
2025-06-18 18:35:48,0.0,10.44,2.3947,2679.29,18697.79
2025-06-18 18:35:49,0.0,10.72,2.4713,2681.76,19199.27
2025-06-18 18:35:50,0.0,10.97,2.5017,2684.26,19647.01
2025-06-18 18:35:51,0.0,10.88,2.5227,2686.79,19485.82
2025-06-18 18:35:52,0.0,10.58,2.4121,2689.2,18948.53
2025-06-18 18:35:53,0.0,10.88,2.4801,2691.68,19485.82
2025-06-18 18:35:54,0.0,11.02,2.5266,2694.2,19736.56
2025-06-18 18:35:55,0.0,10.97,2.5148,2696.72,19647.01
2025-06-18 18:35:56,0.0,10.69,2.4375,2699.16,19145.54
2025-06-18 18:35:57,0.0,10.69,2.4379,2701.59,19145.54
2025-06-18 18:35:58,0.0,10.97,2.5018,2704.1,19647.01
2025-06-18 18:35:59,0.0,10.55,2.4056,2706.5,18894.8
2025-06-18 18:36:01,0.0,10.72,2.444,2708.95,19199.27
2025-06-18 18:36:02,0.0,10.88,2.4805,2711.43,19485.82
2025-06-18 18:36:03,0.0,10.47,2.3884,2713.82,18751.52
2025-06-18 18:36:04,0.0,10.72,2.4439,2716.26,19199.27
2025-06-18 18:36:05,0.0,11.05,2.5198,2718.78,19790.29
2025-06-18 18:36:06,0.0,10.94,2.4948,2721.27,19593.28
2025-06-18 18:36:07,0.0,10.58,2.4126,2723.69,18948.53
2025-06-18 18:36:08,0.0,10.74,2.4475,2726.13,19235.09
2025-06-18 18:36:09,0.0,10.47,2.3888,2728.52,18751.52
2025-06-18 18:36:10,0.0,10.61,2.4191,2730.94,19002.26
2025-06-18 18:36:11,0.0,10.72,2.4433,2733.39,19199.27
2025-06-18 18:36:12,0.0,10.97,2.5029,2735.89,19647.01
2025-06-18 18:36:13,0.0,10.63,2.4237,2738.31,19038.08
2025-06-18 18:36:15,0.0,10.52,2.4029,2740.71,18841.07
2025-06-18 18:36:16,0.0,10.61,2.4153,2743.13,19002.26
2025-06-18 18:36:17,0.0,10.69,2.4367,2745.57,19145.54
2025-06-18 18:36:18,0.0,10.44,2.3819,2747.95,18697.79
2025-06-18 18:36:19,0.0,10.69,2.4363,2750.38,19145.54
2025-06-18 18:36:20,0.0,10.88,2.4796,2752.86,19485.82
2025-06-18 18:36:21,0.0,10.49,2.3932,2755.26,18787.34
2025-06-18 18:36:22,0.0,10.91,2.5458,2757.8,19539.55
2025-06-18 18:36:23,0.0,10.99,2.5154,2760.32,19682.83
2025-06-18 18:36:24,0.0,10.63,2.4257,2762.74,19038.08
2025-06-18 18:36:25,0.0,10.94,2.4939,2765.24,19593.28
2025-06-18 18:36:26,0.0,10.91,2.4872,2767.73,19539.55
2025-06-18 18:36:28,0.0,10.94,2.4949,2770.22,19593.28
2025-06-18 18:36:29,0.0,10.74,2.4498,2772.67,19235.09
2025-06-18 18:36:30,0.0,10.83,2.4685,2775.14,19396.27
2025-06-18 18:36:31,0.0,10.8,2.4616,2777.6,19342.54
2025-06-18 18:36:32,0.0,10.91,2.5168,2780.12,19539.55
2025-06-18 18:36:33,0.0,10.63,2.4238,2782.54,19038.08
2025-06-18 18:36:34,0.0,10.94,2.4937,2785.03,19593.28
2025-06-18 18:36:35,0.0,10.72,2.4445,2787.48,19199.27
2025-06-18 18:36:36,0.0,10.47,2.3872,2789.87,18751.52
2025-06-18 18:36:37,0.0,10.91,2.4871,2792.35,19539.55
2025-06-18 18:36:38,0.0,10.69,2.4387,2794.79,19145.54
2025-06-18 18:36:39,0.0,10.66,2.4309,2797.22,19091.81
2025-06-18 18:36:41,0.0,10.74,2.4508,2799.67,19235.09
2025-06-18 18:36:42,0.0,10.74,2.4473,2802.12,19235.09
2025-06-18 18:36:43,0.0,11.11,2.5321,2804.65,19897.75
2025-06-18 18:36:44,0.0,10.63,2.4238,2807.08,19038.08
2025-06-18 18:36:45,0.0,10.47,2.3881,2809.47,18751.52
2025-06-18 18:36:46,0.0,10.8,2.4624,2811.93,19342.54
2025-06-18 18:36:47,0.0,10.69,2.4373,2814.37,19145.54
2025-06-18 18:36:48,0.0,10.66,2.4309,2816.8,19091.81
2025-06-18 18:36:49,0.0,10.94,2.495,2819.29,19593.28
2025-06-18 18:36:50,0.0,10.69,2.437,2821.73,19145.54
2025-06-18 18:36:51,0.0,11.02,2.5114,2824.24,19736.56
2025-06-18 18:36:52,0.0,11.11,2.534,2826.77,19897.75
2025-06-18 18:36:54,0.0,10.99,2.5308,2829.3,19682.83
2025-06-18 18:36:55,0.0,10.86,2.4934,2831.8,19450.0
2025-06-18 18:36:56,0.0,10.88,2.4816,2834.28,19485.82
2025-06-18 18:36:57,0.0,10.8,2.4615,2836.74,19342.54
2025-06-18 18:36:58,0.0,10.99,2.5063,2839.25,19682.83
2025-06-18 18:36:59,0.0,10.72,2.4437,2841.69,19199.27
2025-06-18 18:37:00,0.0,10.72,2.4717,2844.16,19199.27
2025-06-18 18:37:01,0.0,11.02,2.5135,2846.68,19736.56
2025-06-18 18:37:02,0.0,10.55,2.4043,2849.08,18894.8
2025-06-18 18:37:03,0.0,10.63,2.4241,2851.5,19038.08
2025-06-18 18:37:04,0.0,10.61,2.4187,2853.92,19002.26
2025-06-18 18:37:05,0.0,11.05,2.5201,2856.44,19790.29
2025-06-18 18:37:06,0.0,10.55,2.4057,2858.85,18894.8
2025-06-18 18:37:08,0.0,11.08,2.5267,2861.38,19844.02
2025-06-18 18:37:09,0.0,10.77,2.4565,2863.83,19288.81
2025-06-18 18:37:10,0.0,10.86,2.4743,2866.31,19450.0
2025-06-18 18:37:11,0.0,10.86,2.4773,2868.78,19450.0
2025-06-18 18:37:12,0.0,10.69,2.4379,2871.22,19145.54
2025-06-18 18:37:13,0.0,10.91,2.4884,2873.71,19539.55
2025-06-18 18:37:14,0.0,10.77,2.4549,2876.17,19288.81
2025-06-18 18:37:15,0.0,10.94,2.4941,2878.66,19593.28
2025-06-18 18:37:16,0.0,10.86,2.476,2881.14,19450.0
2025-06-18 18:37:17,0.0,10.77,2.4555,2883.59,19288.81
2025-06-18 18:37:18,0.0,10.94,2.4959,2886.09,19593.28
2025-06-18 18:37:19,0.0,10.77,2.4558,2888.54,19288.81
2025-06-18 18:37:21,0.0,10.91,2.4862,2891.03,19539.55
2025-06-18 18:37:22,0.0,10.69,2.4386,2893.47,19145.54
2025-06-18 18:37:23,0.0,10.58,2.4112,2895.88,18948.53
2025-06-18 18:37:24,0.0,10.74,2.4493,2898.33,19235.09
2025-06-18 18:37:25,0.0,10.72,2.4915,2900.82,19199.27
2025-06-18 18:37:26,0.0,10.91,2.5097,2903.33,19539.55
2025-06-18 18:37:27,0.0,10.58,2.4124,2905.74,18948.53
2025-06-18 18:37:28,0.0,11.05,2.5201,2908.26,19790.29
2025-06-18 18:37:29,0.0,10.72,2.4439,2910.71,19199.27
2025-06-18 18:37:30,0.0,10.83,2.4692,2913.17,19396.27
2025-06-18 18:37:31,0.0,10.86,2.4755,2915.65,19450.0
2025-06-18 18:37:32,0.0,11.08,2.5276,2918.18,19844.02
2025-06-18 18:37:34,0.0,10.8,2.4615,2920.64,19342.54
2025-06-18 18:37:35,0.0,10.83,2.4704,2923.11,19396.27
2025-06-18 18:37:36,0.0,10.97,2.5018,2925.61,19647.01
2025-06-18 18:37:37,0.0,10.99,2.5048,2928.12,19682.83
2025-06-18 18:37:38,0.0,10.63,2.4233,2930.54,19038.08
2025-06-18 18:37:39,0.0,10.72,2.4445,2932.98,19199.27
2025-06-18 18:37:40,0.0,10.99,2.5073,2935.49,19682.83
2025-06-18 18:37:41,0.0,10.94,2.4925,2937.98,19593.28
2025-06-18 18:37:42,0.0,10.94,2.4953,2940.48,19593.28
2025-06-18 18:37:43,0.0,10.69,2.4388,2942.92,19145.54
2025-06-18 18:37:44,0.0,10.72,2.4436,2945.36,19199.27
2025-06-18 18:37:45,0.0,10.94,2.4938,2947.86,19593.28
2025-06-18 18:37:46,0.0,10.77,2.4572,2950.31,19288.81
2025-06-18 18:37:48,0.0,10.86,2.4748,2952.79,19450.0
2025-06-18 18:37:49,0.0,10.63,2.4238,2955.21,19038.08
2025-06-18 18:37:50,0.0,10.72,2.4448,2957.66,19199.27
2025-06-18 18:37:51,0.0,10.49,2.3916,2960.05,18787.34
2025-06-18 18:37:52,0.0,10.49,2.4047,2962.45,18787.34
2025-06-18 18:37:53,0.0,10.83,2.4562,2964.91,19396.27
2025-06-18 18:37:54,0.0,10.41,2.3721,2967.28,18644.06
2025-06-18 18:37:55,0.0,10.63,2.4238,2969.7,19038.08
2025-06-18 18:37:56,0.0,10.63,2.4789,2972.18,19038.08
2025-06-18 18:37:57,0.0,10.16,2.3415,2974.52,18196.32
2025-06-18 18:37:58,0.0,11.19,2.552,2977.08,20041.02
2025-06-18 18:37:59,0.0,11.02,2.5127,2979.59,19736.56
2025-06-18 18:38:01,0.0,10.69,2.4374,2982.03,19145.54
2025-06-18 18:38:02,0.0,10.69,2.4379,2984.46,19145.54
2025-06-18 18:38:03,0.0,10.49,2.3921,2986.86,18787.34
2025-06-18 18:38:04,0.0,10.83,2.4701,2989.33,19396.27
2025-06-18 18:38:05,0.0,10.72,2.4576,2991.78,19199.27
2025-06-18 18:38:06,0.0,10.36,2.3618,2994.15,18554.51
2025-06-18 18:38:07,0.0,10.97,2.5022,2996.65,19647.01
2025-06-18 18:38:08,0.0,10.91,2.4883,2999.14,19539.55
2025-06-18 18:38:09,0.0,10.97,2.5007,3001.64,19647.01
2025-06-18 18:38:10,0.0,11.16,2.5448,3004.18,19987.3
2025-06-18 18:38:11,0.0,10.47,2.3878,3006.57,18751.52
2025-06-18 18:38:12,0.0,10.69,2.4371,3009.01,19145.54
2025-06-18 18:38:14,0.0,10.55,2.4052,3011.41,18894.8
2025-06-18 18:38:15,0.0,10.86,2.4903,3013.9,19450.0
2025-06-18 18:38:16,0.0,10.61,2.446,3016.35,19002.26
2025-06-18 18:38:17,0.0,10.16,2.3164,3018.67,18196.32
2025-06-18 18:38:18,0.0,10.8,2.463,3021.13,19342.54
2025-06-18 18:38:19,0.0,10.88,2.4797,3023.61,19485.82
2025-06-18 18:38:20,0.0,10.66,2.4314,3026.04,19091.81
2025-06-18 18:38:21,0.0,10.99,2.5051,3028.54,19682.83
2025-06-18 18:38:22,0.0,10.47,2.3877,3030.93,18751.52
2025-06-18 18:38:23,0.0,10.97,2.5012,3033.43,19647.01
2025-06-18 18:38:24,0.0,11.02,2.514,3035.95,19736.56
2025-06-18 18:38:25,0.0,10.33,2.3557,3038.3,18500.79
2025-06-18 18:38:26,0.0,11.02,2.5117,3040.81,19736.56
2025-06-18 18:38:28,0.0,9.86,2.2606,3043.08,17659.03
2025-06-18 18:38:29,0.0,10.74,2.4485,3045.52,19235.09
2025-06-18 18:38:30,0.0,10.83,2.4705,3047.99,19396.27
2025-06-18 18:38:31,0.0,10.77,2.4561,3050.45,19288.81
2025-06-18 18:38:32,0.0,10.49,2.3913,3052.84,18787.34
2025-06-18 18:38:33,0.0,10.91,2.5804,3055.42,19539.55
2025-06-18 18:38:34,0.0,10.66,2.421,3057.84,19091.81
2025-06-18 18:38:35,0.0,10.74,2.4495,3060.29,19235.09
2025-06-18 18:38:36,0.0,10.38,2.3672,3062.66,18590.33
2025-06-18 18:38:37,0.0,10.69,2.4361,3065.1,19145.54
2025-06-18 18:38:38,0.0,10.74,2.4495,3067.55,19235.09
2025-06-18 18:38:39,0.0,10.94,2.4937,3070.04,19593.28
2025-06-18 18:38:41,0.0,10.66,2.432,3072.47,19091.81
2025-06-18 18:38:42,0.0,10.52,2.3977,3074.87,18841.07
2025-06-18 18:38:43,0.0,10.55,2.4056,3077.27,18894.8
2025-06-18 18:38:44,0.0,10.61,2.4192,3079.69,19002.26
2025-06-18 18:38:45,0.0,10.97,2.5009,3082.19,19647.01
2025-06-18 18:38:46,0.0,10.63,2.4255,3084.62,19038.08
2025-06-18 18:38:47,0.0,10.77,2.455,3087.08,19288.81
2025-06-18 18:38:48,0.0,10.66,2.4305,3089.51,19091.81
2025-06-18 18:38:49,0.0,10.69,2.4377,3091.94,19145.54
2025-06-18 18:38:50,0.0,10.66,2.43,3094.37,19091.81
2025-06-18 18:38:51,0.0,11.13,2.5375,3096.91,19933.57
2025-06-18 18:38:52,0.0,10.99,2.5069,3099.42,19682.83
2025-06-18 18:38:54,0.0,10.61,2.4203,3101.84,19002.26
2025-06-18 18:38:55,0.0,10.88,2.4791,3104.32,19485.82
2025-06-18 18:38:56,0.0,10.47,2.388,3106.71,18751.52
2025-06-18 18:38:57,0.0,10.74,2.4485,3109.15,19235.09
2025-06-18 18:38:58,0.0,10.69,2.438,3111.59,19145.54
2025-06-18 18:38:59,0.0,10.66,2.4316,3114.02,19091.81
2025-06-18 18:39:00,0.0,10.36,2.3612,3116.38,18554.51
2025-06-18 18:39:01,0.0,10.61,2.4182,3118.8,19002.26
2025-06-18 18:39:02,0.0,10.74,2.4495,3121.25,19235.09
2025-06-18 18:39:03,0.0,10.61,2.4196,3123.67,19002.26
2025-06-18 18:39:04,0.0,10.8,2.5368,3126.21,19342.54
2025-06-18 18:39:05,0.0,10.86,2.4705,3128.68,19450.0
2025-06-18 18:39:07,0.0,10.52,2.3987,3131.08,18841.07
2025-06-18 18:39:08,0.0,11.02,2.5126,3133.59,19736.56
2025-06-18 18:39:09,0.0,10.55,2.4058,3136.0,18894.8
2025-06-18 18:39:10,0.0,10.55,2.4048,3138.4,18894.8
2025-06-18 18:39:11,0.0,10.88,2.481,3140.88,19485.82
2025-06-18 18:39:12,0.0,10.74,2.4496,3143.33,19235.09
2025-06-18 18:39:13,0.0,10.77,2.4562,3145.79,19288.81
2025-06-18 18:39:14,0.0,10.72,2.4448,3148.23,19199.27
2025-06-18 18:39:15,0.0,10.8,2.4622,3150.69,19342.54
2025-06-18 18:39:16,0.0,10.3,2.3484,3153.04,18447.06
2025-06-18 18:39:17,0.0,10.69,2.4389,3155.48,19145.54
2025-06-18 18:39:18,0.0,10.83,2.469,3157.95,19396.27
2025-06-18 18:39:19,0.0,10.66,2.4301,3160.38,19091.81
2025-06-18 18:39:21,0.0,9.99,2.2763,3162.66,17891.85
2025-06-18 18:39:22,0.0,10.66,2.4318,3165.09,19091.81
2025-06-18 18:39:23,0.0,10.99,2.507,3167.6,19682.83
2025-06-18 18:39:24,0.0,10.8,2.4609,3170.06,19342.54
2025-06-18 18:39:25,0.0,10.69,2.4375,3172.49,19145.54
2025-06-18 18:39:26,0.0,10.47,2.3869,3174.88,18751.52
2025-06-18 18:39:27,0.0,10.97,2.5024,3177.38,19647.01
2025-06-18 18:39:28,0.0,11.11,2.5323,3179.92,19897.75
2025-06-18 18:39:29,0.0,10.74,2.4509,3182.37,19235.09
2025-06-18 18:39:30,0.0,10.3,2.3471,3184.71,18447.06
2025-06-18 18:39:31,0.0,10.94,2.4949,3187.21,19593.28
2025-06-18 18:39:32,0.0,10.61,2.4201,3189.63,19002.26
2025-06-18 18:39:34,0.0,10.88,2.479,3192.11,19485.82
2025-06-18 18:39:35,0.0,10.05,2.2928,3194.4,17999.31
2025-06-18 18:39:36,0.0,10.69,2.4365,3196.84,19145.54
2025-06-18 18:39:37,0.0,10.55,2.4065,3199.24,18894.8
2025-06-18 18:39:38,0.0,10.61,2.4191,3201.66,19002.26
2025-06-18 18:39:39,0.0,10.72,2.4438,3204.11,19199.27
2025-06-18 18:39:40,0.0,10.63,2.4242,3206.53,19038.08
2025-06-18 18:39:41,0.0,10.77,2.4565,3208.99,19288.81
2025-06-18 18:39:42,0.0,10.74,2.449,3211.44,19235.09
2025-06-18 18:39:43,0.0,11.05,2.5183,3213.95,19790.29
2025-06-18 18:39:44,0.0,10.86,2.4754,3216.43,19450.0
2025-06-18 18:39:45,0.0,10.38,2.3683,3218.8,18590.33
2025-06-18 18:39:46,0.0,10.77,2.4565,3221.26,19288.81
2025-06-18 18:39:48,0.0,10.69,2.437,3223.69,19145.54
2025-06-18 18:39:49,0.0,10.38,2.3662,3226.06,18590.33
2025-06-18 18:39:50,0.0,10.88,2.4819,3228.54,19485.82
2025-06-18 18:39:51,0.0,10.77,2.4548,3230.99,19288.81
2025-06-18 18:39:52,0.0,10.8,2.4638,3233.46,19342.54
2025-06-18 18:39:53,0.0,10.36,2.3609,3235.82,18554.51
2025-06-18 18:39:54,0.0,10.97,2.5,3238.32,19647.01
2025-06-18 18:39:55,0.0,10.77,2.4582,3240.78,19288.81
2025-06-18 18:39:56,0.0,10.58,2.4102,3243.19,18948.53
2025-06-18 18:39:57,0.0,10.66,2.431,3245.62,19091.81
2025-06-18 18:39:58,0.0,10.72,2.4444,3248.06,19199.27
2025-06-18 18:39:59,0.0,10.86,2.4766,3250.54,19450.0
2025-06-18 18:40:01,0.0,10.72,2.4444,3252.98,19199.27
2025-06-18 18:40:02,0.0,10.55,2.4454,3255.43,18894.8
2025-06-18 18:40:03,0.0,10.69,2.4508,3257.88,19145.54
2025-06-18 18:40:04,0.0,10.38,2.3688,3260.25,18590.33
2025-06-18 18:40:05,0.0,10.72,2.4432,3262.69,19199.27
2025-06-18 18:40:06,0.0,11.02,2.5133,3265.21,19736.56
2025-06-18 18:40:07,0.0,10.74,2.4485,3267.65,19235.09
2025-06-18 18:40:08,0.0,10.83,2.469,3270.12,19396.27
2025-06-18 18:40:09,0.0,10.69,2.439,3272.56,19145.54
2025-06-18 18:40:10,0.0,10.83,2.4693,3275.03,19396.27
2025-06-18 18:40:11,0.0,10.66,2.4296,3277.46,19091.81
2025-06-18 18:40:12,0.0,10.77,2.4564,3279.92,19288.81
2025-06-18 18:40:14,0.0,10.97,2.502,3282.42,19647.01
2025-06-18 18:40:15,0.0,10.66,2.4302,3284.85,19091.81
2025-06-18 18:40:16,0.0,10.88,2.4806,3287.33,19485.82
2025-06-18 18:40:17,0.0,10.63,2.4358,3289.77,19038.08
2025-06-18 18:40:18,0.0,10.52,2.3996,3292.17,18841.07
2025-06-18 18:40:19,0.0,10.77,2.455,3294.62,19288.81
2025-06-18 18:40:20,0.0,10.61,2.4201,3297.04,19002.26
2025-06-18 18:40:21,0.0,10.55,2.4053,3299.45,18894.8
2025-06-18 18:40:22,0.0,10.83,2.4688,3301.92,19396.27
2025-06-18 18:40:23,0.0,10.55,2.4065,3304.32,18894.8
2025-06-18 18:40:24,0.0,10.72,2.4452,3306.77,19199.27
2025-06-18 18:40:25,0.0,10.69,2.4503,3309.22,19145.54
2025-06-18 18:40:26,0.0,10.99,2.5194,3311.74,19682.83
2025-06-18 18:40:28,0.0,10.58,2.4131,3314.15,18948.53
2025-06-18 18:40:29,0.0,10.94,2.4941,3316.64,19593.28
2025-06-18 18:40:30,0.0,10.86,2.477,3319.12,19450.0
2025-06-18 18:40:31,0.0,10.97,2.5,3321.62,19647.01
2025-06-18 18:40:32,0.0,10.86,2.4787,3324.1,19450.0
2025-06-18 18:40:33,0.0,10.44,2.3786,3326.48,18697.79
2025-06-18 18:40:34,0.0,10.74,2.4497,3328.93,19235.09
2025-06-18 18:40:35,0.0,10.44,2.3802,3331.31,18697.79
2025-06-18 18:40:36,0.0,10.49,2.3925,3333.7,18787.34
2025-06-18 18:40:37,0.0,10.86,2.4761,3336.18,19450.0
2025-06-18 18:40:38,0.0,10.24,2.3341,3338.51,18339.6
2025-06-18 18:40:39,0.0,10.77,2.4565,3340.97,19288.81
2025-06-18 18:40:41,0.0,10.72,2.4441,3343.41,19199.27
2025-06-18 18:40:42,0.0,11.13,2.537,3345.95,19933.57
2025-06-18 18:40:43,0.0,10.66,2.4313,3348.38,19091.81
2025-06-18 18:40:44,0.0,10.86,2.476,3350.86,19450.0
2025-06-18 18:40:45,0.0,10.66,2.432,3353.29,19091.81
2025-06-18 18:40:46,0.0,10.58,2.4108,3355.7,18948.53
2025-06-18 18:40:47,0.0,10.41,2.3743,3358.07,18644.06
2025-06-18 18:40:48,0.0,10.88,2.4804,3360.55,19485.82
2025-06-18 18:40:49,0.0,10.66,2.4314,3362.98,19091.81
2025-06-18 18:40:50,0.0,11.16,2.5442,3365.53,19987.3
2025-06-18 18:40:51,0.0,10.99,2.5065,3368.04,19682.83
2025-06-18 18:40:52,0.0,10.58,2.412,3370.45,18948.53
2025-06-18 18:40:53,0.0,10.33,2.3556,3372.8,18500.79
2025-06-18 18:40:55,0.0,11.02,2.512,3375.31,19736.56
2025-06-18 18:40:56,0.0,10.74,2.4498,3377.76,19235.09
2025-06-18 18:40:57,0.0,10.52,2.3985,3380.16,18841.07
2025-06-18 18:40:58,0.0,10.36,2.3633,3382.53,18554.51
2025-06-18 18:40:59,0.0,10.58,2.4112,3384.94,18948.53
2025-06-18 18:41:00,0.0,11.11,2.5335,3387.47,19897.75
2025-06-18 18:41:01,0.0,10.74,2.4485,3389.92,19235.09
2025-06-18 18:41:02,0.0,11.08,2.5276,3392.45,19844.02
2025-06-18 18:41:03,0.0,10.77,2.4554,3394.9,19288.81
2025-06-18 18:41:04,0.0,10.91,2.5761,3397.48,19539.55
2025-06-18 18:41:05,0.0,10.86,2.4836,3399.96,19450.0
2025-06-18 18:41:06,0.0,10.99,2.5062,3402.47,19682.83
2025-06-18 18:41:08,0.0,10.58,2.4139,3404.88,18948.53
2025-06-18 18:41:09,0.0,10.38,2.367,3407.25,18590.33
2025-06-18 18:41:10,0.0,10.52,2.3976,3409.65,18841.07
2025-06-18 18:41:11,0.0,10.86,2.4754,3412.12,19450.0
2025-06-18 18:41:12,0.0,10.72,2.445,3414.57,19199.27
2025-06-18 18:41:13,0.0,10.94,2.4947,3417.06,19593.28
2025-06-18 18:41:14,0.0,10.66,2.4312,3419.49,19091.81
2025-06-18 18:41:15,0.0,11.08,2.5257,3422.02,19844.02
2025-06-18 18:41:16,0.0,10.66,2.431,3424.45,19091.81
2025-06-18 18:41:17,0.0,10.47,2.3868,3426.84,18751.52
2025-06-18 18:41:18,0.0,10.52,2.3996,3429.24,18841.07
2025-06-18 18:41:19,0.0,10.33,2.3553,3431.59,18500.79
2025-06-18 18:41:21,0.0,10.3,2.3473,3433.94,18447.06
2025-06-18 18:41:22,0.0,10.38,2.3669,3436.31,18590.33
2025-06-18 18:41:23,0.0,10.94,2.4945,3438.8,19593.28
2025-06-18 18:41:24,0.0,10.86,2.4757,3441.28,19450.0
2025-06-18 18:41:25,0.0,10.86,2.4776,3443.75,19450.0
2025-06-18 18:41:26,0.0,10.49,2.392,3446.15,18787.34
2025-06-18 18:41:27,0.0,10.83,2.4699,3448.62,19396.27
2025-06-18 18:41:28,0.0,10.99,2.5062,3451.12,19682.83
2025-06-18 18:41:29,0.0,10.94,2.4933,3453.61,19593.28
2025-06-18 18:41:30,0.0,10.63,2.4237,3456.04,19038.08
2025-06-18 18:41:31,0.0,10.24,2.3367,3458.38,18339.6
2025-06-18 18:41:32,0.0,10.99,2.5046,3460.88,19682.83
2025-06-18 18:41:33,0.0,10.83,2.4688,3463.35,19396.27
2025-06-18 18:41:35,0.0,10.63,2.4233,3465.77,19038.08
2025-06-18 18:41:36,0.0,10.36,2.444,3468.22,18554.51
2025-06-18 18:41:37,0.0,10.99,2.5182,3470.73,19682.83
2025-06-18 18:41:38,0.0,10.8,2.4631,3473.2,19342.54
2025-06-18 18:41:39,0.0,10.49,2.3905,3475.59,18787.34
2025-06-18 18:41:40,0.0,10.77,2.4568,3478.04,19288.81
2025-06-18 18:41:41,0.0,10.8,2.4615,3480.51,19342.54
2025-06-18 18:41:42,0.0,10.91,2.4896,3483.0,19539.55
2025-06-18 18:41:43,0.0,10.72,2.4425,3485.44,19199.27
2025-06-18 18:41:44,0.0,10.63,2.4244,3487.86,19038.08
2025-06-18 18:45:35,,,0,3487.86,0
2025-06-18 18:45:37,,,0,3487.86,0
2025-06-18 18:45:38,,,0,3487.86,0
2025-06-18 18:45:39,,,0,3487.86,0
2025-06-18 18:45:40,,,0,3487.86,0
2025-06-18 18:45:41,,,0,3487.86,0
2025-06-18 18:45:42,,,0,3487.86,0
2025-06-18 18:45:43,,,0,3487.86,0
2025-06-18 18:45:44,,,0,3487.86,0
2025-06-18 18:45:45,,,0,3487.86,0
